Unnamed: 0,year,ownershipd,perwt,age,sex,marstd,edattaind,occ
86884,2011,210,29.1,40,1,220,322,1
92799,2011,210,19.9,39,2,210,221,9
83246,2011,210,17.89,40,1,100,221,2
41553,2011,100,38.99,53,1,100,322,5
117221,2011,210,21.08,92,1,100,221,99
237689,2011,210,19.6,64,2,100,322,99
235458,2011,210,34.76,62,2,350,321,4
133485,2011,192,32.43,56,2,350,321,1
124799,2011,210,21.69,49,2,210,311,5
145287,2011,210,36.59,37,1,350,221,9
192029,2011,210,17.24,72,1,350,321,99
224934,2011,100,37.97,19,1,100,311,7
96296,2011,100,31.22,61,2,210,221,99
46126,2011,100,33.19,37,1,210,221,6
205840,2011,210,21.75,35,1,210,110,3
122146,2011,210,20.79,39,1,100,221,7
220086,2011,210,20.56,36,2,100,400,3
170795,2011,210,15.56,52,2,100,322,1
197773,2011,210,15.84,46,2,100,221,1
159427,2011,100,19.67,48,2,210,212,4
47691,2011,210,65.94,42,1,350,311,4
215364,2011,100,32.12,74,1,210,322,8
140838,2011,210,32.02,22,2,210,321,99
76770,2011,192,15.3,61,2,210,400,1
144114,2011,210,19.02,35,2,350,110,7
113862,2011,100,16.19,66,1,210,322,6
216215,2011,210,16.71,38,1,210,311,1
204430,2011,210,36.68,36,1,210,212,2
137483,2011,210,38.45,42,2,350,321,2
83910,2011,210,40.77,50,1,100,221,99
195705,2011,210,20.41,32,1,100,321,3
207533,2011,100,43.69,56,2,210,311,4
121646,2011,210,24.02,59,1,100,212,4
128397,2011,192,59.34,40,1,100,311,98
217706,2011,100,37.76,61,1,100,311,99
88264,2011,210,44.84,30,1,350,321,8
216441,2011,210,36.82,89,2,100,221,99
126492,2011,210,33.89,55,2,100,400,3
132868,2011,210,17.77,62,2,100,221,98
101593,2011,210,17.55,53,1,350,311,4
235039,2011,100,39.84,30,2,220,321,2
77874,2011,210,32.74,32,2,100,322,5
208365,2011,210,18.02,44,2,100,311,4
102107,2011,100,16.34,66,1,210,321,5
151438,2011,210,43.38,61,2,210,221,6
204535,2011,210,34.67,60,2,100,110,9
216956,2011,100,19.65,62,1,210,311,6
137283,2011,210,37.31,28,1,100,321,3
37407,2011,210,34.4,51,1,100,322,3
159401,2011,100,40.43,53,2,100,212,5
122163,2011,210,15.39,60,1,210,221,8
161859,2011,100,15.74,72,2,210,321,99
233919,2011,100,39.42,65,2,210,110,99
157711,2011,210,22.28,50,1,350,212,7
157379,2011,210,44.53,39,2,100,400,1
127656,2011,100,14.71,56,2,210,322,3
186968,2011,210,18.44,70,1,350,322,99
123909,2011,210,19.66,63,1,210,999,5
184876,2011,210,26.58,52,2,350,322,1
216310,2011,210,38.46,82,1,350,311,99
200001,2011,210,17.68,29,1,210,400,8
138470,2011,210,48.25,55,1,210,400,9
227656,2011,210,37.32,30,2,350,322,2
161245,2011,100,18.29,58,1,100,321,2
81985,2011,100,39.79,46,2,210,400,9
135613,2011,100,15.47,43,1,210,321,2
68870,2011,210,45.66,50,2,210,311,9
43283,2011,192,43.13,48,2,400,212,7
190942,2011,210,58.43,38,1,350,321,3
177182,2011,210,18.34,39,1,100,322,9
70279,2011,210,14.04,35,1,210,110,4
151268,2011,100,43.45,44,1,210,321,4
95529,2011,100,27.6,40,2,210,322,4
121906,2011,100,20.24,56,1,210,221,5
234849,2011,210,18.34,39,2,400,400,3
126287,2011,223,32.47,67,2,400,311,98
111372,2011,210,19.23,27,1,100,400,1
102969,2011,210,22.16,33,1,210,212,3
53736,2011,210,20.49,30,2,350,400,5
142937,2011,210,28.51,24,2,100,321,3
235147,2011,100,19.17,61,2,400,221,5
40970,2011,100,23.96,65,1,350,322,3
216182,2011,100,44.31,38,2,210,221,99
81513,2011,210,28.82,44,2,100,321,3
144263,2011,223,16.58,74,2,350,221,99
70174,2011,210,14.79,39,2,210,400,3
200667,2011,210,55.47,36,1,210,221,8
181020,2011,210,34.51,74,1,400,321,99
199441,2011,210,49.88,40,1,100,400,5
212972,2011,210,33.58,48,1,350,999,2
200352,2011,100,36.51,91,1,400,322,99
102236,2011,210,14.68,38,2,210,212,99
27053,2011,100,35.89,15,1,100,110,99
201601,2011,210,34.35,48,1,210,212,7
203256,2011,210,22.09,45,2,210,999,5
83916,2011,210,19.49,38,1,210,999,8
181354,2011,999,16.86,60,2,350,322,9
103291,2011,210,45.74,31,1,350,321,4
23766,2011,100,53.55,52,1,400,400,5
211821,2011,192,22.16,39,1,220,321,99
200970,2011,210,26.9,31,2,350,212,99
112418,2011,210,15.2,21,1,210,321,98
101330,2011,210,19.31,63,1,100,212,99
150999,2011,192,75.53,32,1,350,221,99
70958,2011,223,28.15,39,2,350,311,3
118306,2011,223,19.19,85,2,350,212,99
156047,2011,210,16.69,34,2,100,322,98
87222,2011,210,24.4,54,2,350,322,99
54933,2011,192,14.27,50,1,210,322,1
121066,2011,210,26.61,57,2,350,322,4
28137,2011,100,55.4,61,2,400,311,9
205728,2011,210,34.25,72,2,350,999,99
68537,2011,210,33.83,38,1,210,999,98
167804,2011,210,23.3,30,2,100,311,9
210986,2011,210,20.07,26,1,210,221,1
139526,2011,210,23.29,53,2,210,311,9
199166,2011,210,17.95,49,1,350,999,98
66048,2011,210,16.66,60,2,350,221,9
145903,2011,192,25.9,47,2,210,322,98
128172,2011,100,15.85,33,1,210,400,8
50435,2011,192,41.51,21,2,100,311,6
176863,2011,192,20.39,88,2,400,400,99
104680,2011,210,15.3,53,2,100,321,99
68952,2011,210,41.21,50,2,210,212,4
121215,2011,210,14.18,46,1,210,321,6
60376,2011,210,42.23,34,1,100,322,2
223210,2011,210,23.42,52,1,210,321,98
123217,2011,100,19.49,43,2,350,321,98
97210,2011,210,19.57,58,2,100,221,4
42559,2011,100,17.94,66,1,400,322,9
220010,2011,100,16.76,70,1,400,321,3
123441,2011,192,14.05,47,2,400,400,3
118521,2011,223,34.8,61,2,100,322,5
115074,2011,100,14.71,57,2,210,321,9
1402,2011,210,21.41,30,2,350,321,9
176356,2011,100,27.35,15,1,100,221,99
178131,2011,100,18.32,57,2,400,321,2
56762,2011,210,17.26,43,1,100,321,99
224022,2011,210,64.62,39,1,100,311,9
186256,2011,100,42.02,50,1,210,322,98
58678,2011,210,18.85,41,1,100,400,1
74875,2011,210,18.96,31,1,210,321,98
204938,2011,100,21.73,56,1,210,322,9
142383,2011,210,27.39,22,1,100,322,5
207600,2011,192,69.78,46,1,210,400,3
145097,2011,210,51.99,32,1,100,999,8
50373,2011,100,54.35,59,1,400,321,7
102864,2011,192,38.56,41,2,400,321,99
176985,2011,223,15.3,62,1,210,322,6
174005,2011,100,18.25,32,1,210,212,8
194833,2011,210,17.47,68,1,350,110,99
16366,2011,210,35.86,21,2,210,999,99
121142,2011,210,18.32,88,2,400,221,99
212577,2011,210,19.22,49,1,100,400,99
58568,2011,192,20.55,63,1,350,400,98
149289,2011,210,20.87,63,1,350,221,4
57254,2011,100,15.19,68,2,350,311,99
129141,2011,210,56.81,36,1,350,322,1
75974,2011,192,36.26,38,1,100,400,1
159303,2011,100,21.99,61,1,220,321,4
61563,2011,210,21.63,60,1,350,311,8
221848,2011,192,23.34,21,1,100,400,99
16341,2011,210,31.46,65,2,350,212,9
227790,2011,210,22.75,38,1,210,212,3
182352,2011,210,23.55,58,2,400,321,99
160130,2011,999,16.19,51,1,100,321,6
126262,2011,100,24.77,45,2,100,400,2
137445,2011,210,44.53,32,2,100,400,99
67889,2011,192,32.64,60,2,350,311,5
108241,2011,210,58.19,31,1,350,400,98
197488,2011,100,42.89,55,2,400,321,99
112984,2011,210,63.65,48,1,350,221,98
160949,2011,210,19.33,57,2,100,400,2
183828,2011,210,41.95,43,2,210,400,99
207126,2011,210,32.37,73,2,350,221,9
109444,2011,210,28.1,66,2,210,999,99
193945,2011,210,34.88,35,1,100,321,99
151961,2011,192,35.48,84,2,400,321,99
94066,2011,250,22.01,29,2,350,322,1
183363,2011,210,33.34,38,2,210,221,8
111515,2011,210,20.6,57,1,210,322,5
105224,2011,250,26.32,27,2,100,400,98
226386,2011,210,49.7,38,1,100,321,1
13976,2011,210,39.06,47,2,210,400,2
184586,2011,999,19.1,54,1,350,321,9
165044,2011,250,17.75,83,2,400,321,99
21914,2011,250,28.92,30,2,100,221,7
219380,2011,250,24.82,48,1,350,321,99
164704,2011,100,24.7,54,2,210,221,7
231715,2011,192,19.68,59,1,210,221,9
149507,2011,210,16.36,46,2,400,322,3
56609,2011,210,33.01,67,2,350,321,5
218818,2011,100,37.7,45,1,100,321,1
91392,2011,210,28.39,51,1,350,212,98
64024,2011,100,39.58,70,1,400,221,98
85593,2011,210,21.5,29,2,100,321,4
26711,2011,210,22.55,50,1,100,212,3
225831,2011,100,39.47,32,1,210,221,8
130670,2011,250,20.0,82,1,350,322,99
204098,2011,100,18.04,38,2,100,321,2
171913,2011,210,19.19,87,2,400,212,99
123871,2011,100,14.79,39,2,210,321,98
91256,2011,210,36.04,36,1,210,212,9
97519,2011,210,18.73,50,1,100,212,8
147320,2011,210,36.92,52,2,100,221,2
166729,2011,210,17.34,36,1,210,311,5
40401,2011,210,37.31,62,1,400,321,1
157552,2011,210,33.88,15,1,100,110,99
152981,2011,210,19.36,56,2,400,221,5
94824,2011,210,53.27,25,1,100,110,3
172445,2011,210,20.2,37,1,210,322,2
115161,2011,210,18.53,37,1,100,221,3
103432,2011,100,27.87,50,2,210,322,7
100511,2011,100,39.31,74,1,400,400,99
199600,2011,192,58.72,30,1,350,311,2
164517,2011,250,42.43,21,2,100,311,2
49031,2011,192,35.81,39,2,400,322,2
217493,2011,210,24.0,50,2,100,110,5
190076,2011,210,19.38,26,2,100,311,1
175494,2011,210,23.06,43,2,210,311,8
136158,2011,210,19.94,58,1,350,999,99
197943,2011,210,28.73,26,2,210,322,5
237171,2011,192,53.65,37,1,100,400,9
12380,2011,210,18.63,60,1,100,321,6
30807,2011,210,32.04,48,2,350,321,7
228868,2011,210,46.08,49,2,350,400,3
169072,2011,210,14.73,50,2,400,321,4
90254,2011,999,41.24,88,2,100,999,99
136710,2011,210,18.58,96,2,400,221,99
125988,2011,210,21.24,47,2,210,322,5
235546,2011,210,28.46,36,2,210,400,8
58719,2011,210,37.75,40,2,100,212,98
199386,2011,210,18.55,27,1,100,212,5
168621,2011,210,32.13,51,2,100,221,3
180200,2011,210,41.18,49,1,220,321,5
203482,2011,210,56.13,23,2,210,311,9
223970,2011,210,34.9,35,2,210,311,1
201933,2011,210,16.64,25,2,100,999,1
176747,2011,100,31.25,76,1,210,400,99
147767,2011,210,14.65,39,2,210,322,7
229610,2011,210,32.6,71,2,100,400,2
232372,2011,210,17.43,82,1,400,212,99
151970,2011,100,13.94,42,2,210,221,4
208644,2011,210,49.82,32,1,210,110,8
122734,2011,192,38.61,57,2,100,212,1
212678,2011,210,15.33,26,2,210,400,4
17937,2011,210,36.53,64,2,100,321,5
171437,2011,210,47.58,22,1,210,999,7
223617,2011,100,42.23,57,1,350,110,3
163531,2011,210,22.87,91,2,350,400,99
224946,2011,210,36.85,53,1,100,321,8
162498,2011,210,42.61,45,1,350,321,1
202257,2011,210,59.15,52,2,210,110,9
162107,2011,210,15.16,46,2,100,322,3
143283,2011,210,44.2,42,2,400,221,9
116836,2011,100,51.97,48,1,400,321,3
229354,2011,210,39.72,80,2,210,999,99
227510,2011,223,21.41,32,2,220,400,2
236482,2011,100,14.34,46,2,350,311,8
123298,2011,100,22.43,21,2,210,311,3
54148,2011,100,35.38,61,1,100,321,1
209400,2011,100,13.2,46,1,210,322,1
180404,2011,210,21.27,36,1,100,221,1
155653,2011,100,42.58,64,1,100,322,2
168124,2011,250,29.29,62,2,210,321,6
194925,2011,210,47.47,15,2,100,321,5
23499,2011,210,16.57,34,1,210,110,2
90833,2011,210,14.37,40,2,210,321,9
201413,2011,210,30.57,30,1,100,999,9
8941,2011,100,21.0,64,2,210,311,98
225250,2011,210,27.71,52,1,350,221,8
165372,2011,210,36.36,37,2,210,999,5
184693,2011,192,20.14,18,1,100,321,99
88890,2011,999,20.0,84,1,350,212,99
159408,2011,210,29.69,53,1,210,400,5
167921,2011,210,24.88,32,2,350,322,5
23539,2011,210,25.45,27,1,100,999,99
87307,2011,210,20.91,43,2,350,999,2
162142,2011,210,38.23,27,1,100,321,6
160277,2011,210,46.29,29,1,350,321,99
229981,2011,100,35.55,59,2,350,311,2
60366,2011,210,18.14,30,2,210,400,1
148372,2011,210,49.82,33,1,210,311,1
69818,2011,100,31.25,75,1,210,321,9
114731,2011,210,38.08,56,2,400,321,99
177263,2011,210,14.73,53,2,350,400,98
122356,2011,210,18.32,59,1,350,221,99
150737,2011,192,37.35,88,2,400,311,99
162886,2011,100,18.64,55,2,350,321,98
3054,2011,210,20.83,43,1,100,221,1
97881,2011,100,39.79,50,2,210,221,6
166977,2011,223,17.33,61,2,400,110,5
128953,2011,210,37.99,47,1,210,311,7
81021,2011,999,19.33,40,2,100,311,98
184834,2011,210,20.5,40,1,100,322,8
103895,2011,100,38.39,57,2,350,321,2
171790,2011,100,44.36,59,2,210,311,99
162399,2011,210,29.4,58,1,210,400,5
223222,2011,210,20.36,33,1,350,400,2
185696,2011,210,32.29,75,2,210,322,2
98979,2011,250,37.93,72,2,100,311,99
157063,2011,100,38.12,52,1,210,221,6
51260,2011,210,50.84,43,1,100,212,98
92464,2011,250,27.29,72,2,400,212,99
111736,2011,210,15.06,51,2,100,321,99
50765,2011,210,21.88,51,1,210,212,8
155081,2011,100,37.24,23,2,100,322,99
111568,2011,100,41.22,57,1,100,321,8
145255,2011,100,45.19,56,2,210,321,3
224855,2011,210,21.97,26,2,210,400,99
80998,2011,192,16.8,31,2,210,322,2
104120,2011,210,20.29,57,1,210,311,4
147501,2011,210,51.62,27,2,100,110,5
85769,2011,210,73.16,29,1,100,322,0
74037,2011,210,18.86,57,2,400,322,99
171331,2011,100,97.81,43,2,210,321,6
222797,2011,210,54.31,30,1,100,321,6
212932,2011,210,16.24,69,2,100,321,9
146433,2011,210,20.83,37,1,100,400,1
155768,2011,100,15.68,37,1,210,311,3
21783,2011,210,25.52,63,1,400,400,99
130696,2011,250,19.57,28,2,100,322,4
66792,2011,210,23.85,29,1,350,221,5
224549,2011,210,19.22,36,1,210,400,7
34042,2011,250,40.46,22,1,100,400,9
181848,2011,100,28.33,52,2,350,321,4
120928,2011,192,39.64,39,2,210,110,99
231709,2011,192,15.83,67,1,210,322,2
209955,2011,192,40.03,41,1,210,212,4
212783,2011,210,46.5,43,1,350,400,99
177006,2011,210,33.81,65,1,210,311,2
95208,2011,100,14.44,61,1,210,321,98
124585,2011,210,17.22,52,1,100,321,8
103409,2011,210,15.81,39,2,100,400,99
104090,2011,210,20.59,81,2,100,322,99
79414,2011,210,17.18,59,2,100,321,1
69116,2011,100,24.63,39,2,350,321,4
142514,2011,210,21.85,70,2,350,999,99
98339,2011,192,19.33,85,1,400,221,99
168637,2011,210,17.02,27,2,350,321,3
122237,2011,100,20.24,59,1,210,221,2
104447,2011,210,20.12,31,2,350,221,5
14258,2011,100,54.6,42,2,220,321,3
207969,2011,210,23.3,22,1,100,322,8
195499,2011,210,34.84,37,1,210,212,4
123741,2011,210,33.92,74,1,350,311,99
173196,2011,210,23.4,51,1,210,400,99
194820,2011,210,19.36,33,1,210,311,6
186222,2011,210,20.41,31,1,100,322,1
237305,2011,250,41.74,32,1,100,322,99
171698,2011,210,32.99,49,1,350,999,8
28513,2011,210,108.02,28,1,100,110,3
233561,2011,210,37.14,57,1,350,322,9
111698,2011,210,15.64,59,1,210,999,7
141864,2011,100,47.94,42,2,350,322,5
211341,2011,100,23.25,44,1,210,221,0
79290,2011,210,48.09,47,1,210,999,7
129354,2011,210,32.42,26,2,210,221,5
188385,2011,250,30.96,25,1,100,322,8
199479,2011,210,49.65,22,1,210,321,9
152943,2011,210,32.64,61,2,350,221,7
162755,2011,210,16.48,71,2,400,110,99
119361,2011,210,34.94,38,1,100,400,5
103932,2011,210,23.68,57,2,210,999,99
147350,2011,210,19.27,64,1,350,321,98
105533,2011,100,38.08,40,2,350,400,4
234780,2011,210,16.78,35,2,210,311,4
45542,2011,192,33.65,35,2,210,322,3
201884,2011,210,44.89,45,1,210,999,7
158100,2011,210,20.47,31,1,100,311,5
95986,2011,210,16.79,51,2,400,221,7
120056,2011,210,19.49,39,1,210,212,2
213849,2011,210,19.92,34,1,210,311,3
198026,2011,210,45.63,64,1,350,321,6
180632,2011,100,16.15,80,1,210,311,1
228785,2011,210,56.44,25,2,100,321,98
160614,2011,210,56.44,49,1,350,221,7
211683,2011,210,18.48,27,1,100,322,2
110826,2011,210,38.64,42,2,350,311,6
208303,2011,100,37.11,85,2,100,311,99
117566,2011,210,27.96,35,1,210,400,3
138697,2011,100,15.6,39,1,210,321,3
55354,2011,100,12.76,45,1,210,400,9
48956,2011,210,29.08,52,2,400,212,99
76441,2011,210,51.52,25,1,100,999,4
6482,2011,210,42.01,26,2,350,321,5
174376,2011,210,18.06,75,2,210,221,99
35802,2011,192,25.92,47,2,400,321,5
46080,2011,210,15.33,45,2,350,400,99
129657,2011,210,39.9,29,2,100,221,2
161803,2011,210,55.76,28,1,100,999,99
71210,2011,210,18.03,39,2,210,400,4
141115,2011,210,20.88,70,1,100,321,2
150126,2011,210,16.66,60,2,400,311,4
97157,2011,210,16.72,65,1,350,999,4
166366,2011,210,43.08,25,1,100,321,3
117168,2011,210,37.61,30,2,100,400,1
117610,2011,210,28.84,41,2,350,321,1
81456,2011,210,19.15,37,1,210,400,3
232419,2011,210,36.04,54,2,100,999,1
156830,2011,192,15.84,47,2,100,322,9
140743,2011,210,25.96,59,2,100,400,99
129781,2011,210,39.92,35,2,210,110,9
116786,2011,192,31.32,44,2,100,321,4
122981,2011,210,15.22,67,1,350,321,98
130665,2011,100,18.49,60,1,350,212,1
159169,2011,192,30.7,59,2,210,321,98
219002,2011,250,28.07,27,1,100,221,2
212552,2011,100,22.35,63,1,210,322,7
26930,2011,210,31.65,27,2,210,321,4
86574,2011,250,33.12,67,2,100,110,99
2223,2011,192,14.51,61,1,210,311,8
196813,2011,100,18.12,35,1,210,221,1
184968,2011,210,32.7,76,1,100,311,99
207340,2011,210,15.16,47,2,100,321,3
109855,2011,210,65.92,55,1,210,110,5
13166,2011,210,16.2,47,1,100,311,9
156087,2011,210,27.78,35,1,100,221,99
68185,2011,192,18.01,81,2,400,311,99
83782,2011,223,36.33,48,2,100,311,7
145320,2011,210,15.3,60,1,210,999,4
163744,2011,210,14.77,43,2,100,311,5
109451,2011,210,16.58,37,1,210,311,2
224799,2011,192,33.47,74,2,210,321,99
56504,2011,100,34.63,69,1,100,110,99
146523,2011,192,20.53,78,2,350,999,99
18352,2011,100,15.14,53,2,350,321,4
145224,2011,210,15.55,24,2,210,311,5
19158,2011,210,23.68,59,1,100,221,2
114658,2011,210,39.37,35,1,210,311,4
11504,2011,210,36.26,30,1,100,400,7
17887,2011,210,38.35,61,1,210,212,2
41817,2011,192,29.96,58,2,210,221,5
222534,2011,210,16.43,21,1,100,311,9
222851,2011,100,31.73,57,2,400,400,2
230188,2011,250,30.0,46,1,350,221,99
185206,2011,223,15.12,63,2,210,212,4
161139,2011,210,28.4,25,1,100,311,4
125027,2011,210,48.75,75,2,210,110,99
74791,2011,999,36.06,33,2,210,322,5
211346,2011,999,41.81,95,2,100,212,99
104135,2011,210,31.48,53,2,100,221,9
115672,2011,210,27.81,36,2,210,221,2
127082,2011,210,42.27,39,2,210,221,99
89186,2011,250,53.78,28,1,100,322,8
135040,2011,210,45.58,58,2,210,999,9
230761,2011,192,14.35,69,2,210,321,5
111944,2011,210,20.64,60,2,350,221,4
221204,2011,210,36.2,43,2,350,400,1
16187,2011,210,39.83,58,2,400,999,98
183520,2011,100,19.7,52,1,210,321,2
31354,2011,210,45.64,28,1,100,321,5
227027,2011,210,30.12,61,1,350,321,2
54733,2011,100,39.38,51,2,210,321,4
94187,2011,210,17.18,88,2,400,321,99
172166,2011,210,28.62,24,1,100,212,7
74190,2011,210,19.44,36,2,350,322,4
132957,2011,100,38.41,63,1,350,321,4
146306,2011,210,21.02,48,1,210,311,4
140310,2011,210,38.64,42,2,100,322,99
88220,2011,210,43.8,64,1,210,110,7
75502,2011,100,18.32,56,1,350,321,2
68836,2011,210,36.09,66,2,350,321,3
121502,2011,192,34.65,51,2,400,322,99
134182,2011,210,23.94,46,1,210,400,2
92557,2011,223,53.65,36,1,400,322,1
36117,2011,192,54.79,57,2,350,221,7
156749,2011,100,37.39,54,2,210,221,6
114886,2011,210,34.52,27,2,210,311,98
150769,2011,100,18.96,45,1,210,400,98
159195,2011,210,19.72,48,2,210,110,99
42927,2011,100,15.87,56,2,350,322,1
157744,2011,210,33.98,61,2,100,212,9
97904,2011,210,39.58,20,2,210,221,9
194012,2011,210,19.87,30,1,210,221,2
122903,2011,100,47.9,21,1,100,221,98
32132,2011,100,22.16,42,1,220,322,1
208855,2011,100,28.11,36,1,210,322,1
111740,2011,100,16.59,72,1,350,400,99
176602,2011,210,59.4,36,1,350,311,7
86138,2011,210,35.02,41,1,100,311,9
104437,2011,210,41.61,38,1,350,212,1
130576,2011,210,47.1,42,2,210,999,9
21431,2011,100,11.09,17,2,100,212,99
19441,2011,100,31.43,67,1,210,221,8
44832,2011,100,16.01,42,1,210,212,4
141223,2011,192,36.53,47,2,210,311,98
71677,2011,100,38.42,60,2,100,400,2
60605,2011,210,19.77,63,1,100,221,3
95563,2011,100,42.78,45,2,210,322,99
58647,2011,210,35.82,35,2,210,400,7
229743,2011,210,43.03,35,1,350,321,2
92828,2011,100,42.38,57,2,350,311,3
195016,2011,210,16.94,46,2,100,221,99
52679,2011,100,25.58,52,2,100,321,3
117060,2011,100,19.17,63,2,220,311,99
227853,2011,250,38.46,29,1,100,311,99
233698,2011,250,27.47,24,1,100,400,3
206134,2011,250,9.22,18,2,100,221,99
52994,2011,250,57.83,26,1,100,400,7
233243,2011,210,42.76,24,2,210,322,1
26107,2011,192,47.9,23,1,100,322,6
178626,2011,210,15.43,51,1,210,221,5
67066,2011,210,15.81,37,2,100,321,5
130060,2011,210,45.85,25,1,210,212,9
60205,2011,210,24.63,24,2,210,321,1
220771,2011,210,22.16,26,1,100,400,8
117203,2011,100,17.02,44,2,100,221,99
88648,2011,210,44.53,27,2,350,221,8
112311,2011,100,21.25,48,1,400,322,1
161631,2011,210,18.08,31,1,100,322,4
79182,2011,100,20.19,39,2,350,221,4
118608,2011,210,21.99,89,1,100,221,99
92999,2011,210,68.88,63,1,210,221,5
68210,2011,210,30.28,40,2,210,212,3
52950,2011,210,21.11,53,1,100,212,1
163389,2011,192,28.78,62,1,210,321,6
25796,2011,192,36.89,73,1,210,322,2
150717,2011,250,59.95,51,2,400,999,99
125052,2011,210,24.4,34,1,100,999,2
156715,2011,210,28.6,30,1,220,400,3
59939,2011,210,18.28,46,1,100,999,2
50527,2011,210,34.09,62,2,350,110,99
111274,2011,210,18.3,27,2,210,311,99
140304,2011,999,43.75,44,2,210,321,9
91852,2011,210,20.13,51,1,210,221,9
211640,2011,192,40.99,73,2,350,311,99
131437,2011,210,45.5,35,1,100,322,99
142899,2011,210,44.3,33,1,210,321,5
126798,2011,210,27.73,25,1,210,221,6
135253,2011,192,20.17,32,2,350,321,3
229626,2011,100,17.46,53,2,100,212,99
46743,2011,210,28.93,64,1,350,212,98
188273,2011,210,42.32,39,2,100,221,8
224444,2011,100,13.5,40,2,210,311,4
179337,2011,100,15.82,33,2,210,321,9
135586,2011,100,37.38,51,2,210,321,98
78034,2011,192,33.94,75,2,350,322,5
188388,2011,999,51.69,80,1,400,999,99
4003,2011,100,31.22,66,1,210,400,99
86373,2011,100,20.24,55,1,210,321,6
84967,2011,210,34.77,45,1,100,322,6
189489,2011,100,17.86,29,1,210,322,4
176691,2011,100,25.0,45,1,350,322,3
75795,2011,192,44.98,32,2,100,400,1
146412,2011,210,19.68,15,1,100,999,7
83553,2011,210,48.75,36,1,350,221,99
228141,2011,223,35.7,83,2,100,212,99
95091,2011,100,15.12,64,2,210,322,4
73290,2011,100,24.22,42,2,210,321,3
117286,2011,210,21.42,33,1,210,221,1
194657,2011,210,36.49,96,2,210,212,99
153590,2011,210,15.95,67,2,350,999,99
116939,2011,210,17.65,91,2,210,221,99
151843,2011,210,38.93,43,2,350,311,9
214403,2011,100,18.67,62,1,400,212,8
178633,2011,210,57.8,39,1,220,221,98
116798,2011,210,14.73,41,1,210,400,2
21273,2011,210,23.08,21,1,210,311,8
121497,2011,223,18.58,88,2,400,110,99
165656,2011,210,21.28,57,2,210,400,3
97371,2011,210,18.67,47,1,350,212,99
211829,2011,210,16.74,84,2,100,221,99
142280,2011,100,18.27,36,1,210,321,5
214913,2011,210,18.8,60,2,100,311,5
185417,2011,100,44.68,46,1,210,221,6
56397,2011,100,15.39,64,1,210,400,1
162382,2011,192,21.47,55,1,210,400,2
59083,2011,223,37.93,25,1,210,400,99
161974,2011,210,43.29,53,1,210,212,7
214116,2011,210,22.36,30,2,210,221,8
70671,2011,192,17.78,48,2,100,400,5
41227,2011,192,17.65,96,1,210,322,99
88272,2011,100,23.42,44,1,220,221,9
179983,2011,100,42.0,64,1,400,322,1
161842,2011,210,22.21,57,2,350,999,5
132239,2011,210,33.64,64,2,400,221,99
135848,2011,100,71.16,53,1,350,322,5
91033,2011,210,17.26,35,1,100,400,7
182841,2011,210,40.56,98,2,100,321,99
165842,2011,210,16.54,52,1,210,400,7
154161,2011,210,17.49,57,1,100,322,5
116781,2011,210,18.41,94,2,400,321,99
201510,2011,210,45.27,29,2,350,400,3
139133,2011,210,37.14,55,1,350,322,8
25424,2011,210,36.95,87,1,210,110,99
133781,2011,100,17.26,38,1,100,311,2
141346,2011,210,15.95,54,2,350,321,8
159897,2011,210,24.08,32,1,100,400,5
23585,2011,210,22.66,47,1,100,321,3
99256,2011,100,30.35,60,1,210,311,1
97035,2011,210,20.37,45,1,210,400,5
142717,2011,210,17.23,44,1,100,221,2
232676,2011,210,16.73,35,2,100,322,1
131587,2011,100,35.05,53,1,350,110,99
169632,2011,210,16.65,73,2,350,400,2
97565,2011,210,20.53,53,2,210,311,2
88120,2011,210,10.95,40,2,210,400,5
83964,2011,100,19.68,40,2,100,321,98
58993,2011,100,32.77,40,2,400,321,3
28627,2011,210,53.11,46,1,100,999,7
125126,2011,210,38.13,55,1,210,110,99
171328,2011,210,32.9,54,1,100,311,1
126384,2011,210,34.88,37,1,100,221,98
94162,2011,250,48.58,73,2,400,400,99
208418,2011,999,38.54,38,2,350,321,98
213415,2011,100,27.47,70,1,400,322,2
174249,2011,210,31.33,50,1,100,221,4
39286,2011,100,31.81,65,2,210,322,6
214803,2011,192,16.03,36,1,210,311,2
175942,2011,100,13.81,54,2,210,321,6
78750,2011,210,26.52,23,2,210,322,2
158372,2011,192,32.16,56,2,350,321,2
206554,2011,100,42.17,63,1,100,212,6
60673,2011,210,20.76,23,1,210,221,98
142447,2011,210,15.14,53,2,350,311,5
53430,2011,210,31.52,52,1,210,321,7
163221,2011,210,20.44,29,1,210,212,9
8079,2011,210,15.07,67,2,350,212,98
110972,2011,210,16.41,69,1,210,110,99
230773,2011,100,21.12,57,1,100,321,7
170559,2011,210,18.82,73,2,350,321,4
44878,2011,250,45.26,34,2,350,221,9
141674,2011,210,16.85,48,1,350,221,8
179237,2011,210,29.54,33,1,350,221,5
74773,2011,210,19.96,33,1,100,212,4
121882,2011,192,20.19,51,1,210,311,2
129051,2011,223,36.54,44,1,210,311,98
184901,2011,100,37.11,64,2,220,400,99
195403,2011,210,14.73,60,2,210,221,4
124547,2011,250,35.89,19,1,100,999,99
215347,2011,210,44.41,44,2,350,311,7
229435,2011,192,15.53,78,1,210,311,5
42878,2011,100,16.09,39,2,210,322,6
84803,2011,210,25.88,15,1,100,110,99
38711,2011,210,18.32,57,2,350,321,5
21391,2011,192,18.29,58,1,100,221,9
179471,2011,210,27.95,57,2,210,321,8
98188,2011,210,30.03,65,1,210,321,1
26337,2011,210,29.22,55,1,350,999,98
60531,2011,192,16.8,33,2,210,400,3
73591,2011,210,53.1,40,1,350,311,7
103503,2011,100,49.36,56,1,350,311,2
227427,2011,250,61.25,55,2,100,321,4
15337,2011,210,14.49,43,2,210,400,8
137248,2011,100,16.11,58,2,400,321,4
232635,2011,210,41.97,49,1,100,321,5
139240,2011,210,32.23,31,2,210,110,99
121048,2011,210,24.7,26,1,100,212,9
169406,2011,100,32.36,54,2,400,321,99
210061,2011,210,33.8,79,1,350,110,2
171338,2011,210,30.47,54,2,350,322,5
170273,2011,210,18.15,40,2,350,221,3
116616,2011,192,19.1,50,1,350,311,8
184234,2011,210,38.27,56,1,350,221,7
117798,2011,210,54.45,51,1,400,321,8
63177,2011,100,30.5,54,2,100,400,98
171457,2011,210,34.97,90,2,350,321,99
24728,2011,210,16.89,69,2,100,400,1
182182,2011,210,23.2,56,2,100,212,5
27573,2011,100,23.25,63,1,210,110,9
142728,2011,100,17.4,58,2,100,321,9
156446,2011,210,33.15,59,2,350,400,99
203476,2011,100,47.32,52,1,210,311,6
213141,2011,223,30.5,38,1,220,321,4
79910,2011,210,14.69,63,2,210,221,7
234416,2011,210,34.38,67,1,100,221,99
151809,2011,999,21.29,24,2,100,322,4
53951,2011,210,19.38,40,1,350,212,8
173095,2011,100,15.95,71,1,210,400,9
177585,2011,210,16.16,71,2,100,212,99
226754,2011,100,16.52,53,1,100,321,1
43896,2011,210,19.22,46,1,210,321,4
99797,2011,210,21.95,54,1,350,311,99
198341,2011,210,27.83,57,1,210,212,4
102670,2011,100,23.34,90,1,400,110,99
231432,2011,210,24.83,28,2,100,221,99
217663,2011,100,32.12,72,1,210,311,99
99220,2011,210,37.22,31,2,100,311,9
179173,2011,100,32.89,62,1,210,999,99
153642,2011,999,16.72,29,1,210,311,98
171591,2011,100,51.94,51,1,400,400,2
220438,2011,192,39.68,53,1,220,400,2
223295,2011,250,30.05,22,1,100,321,6
23776,2011,100,20.95,58,2,210,322,6
109214,2011,192,38.93,44,2,350,311,4
158488,2011,223,44.33,22,2,210,311,99
209612,2011,100,14.48,56,2,210,321,2
141513,2011,999,33.56,53,1,400,212,99
165746,2011,210,46.04,27,1,210,321,7
168626,2011,100,18.09,53,1,210,321,3
69023,2011,100,22.98,56,2,210,311,5
232498,2011,210,25.56,59,2,210,212,4
210616,2011,210,31.79,23,2,350,221,99
143114,2011,210,33.15,56,2,400,212,9
190187,2011,100,29.87,54,2,100,400,1
51660,2011,100,12.92,46,2,210,212,7
171251,2011,210,45.64,36,1,350,321,2
165328,2011,210,22.3,22,1,100,322,7
220035,2011,100,16.11,57,2,400,321,3
160784,2011,100,36.43,43,2,100,311,99
122579,2011,210,68.19,40,2,350,110,5
115097,2011,100,16.72,65,1,350,221,98
213357,2011,100,16.19,68,2,210,221,9
118739,2011,210,27.48,45,2,400,212,5
106018,2011,210,13.51,51,2,210,221,98
103023,2011,210,43.21,23,2,100,999,98
40104,2011,192,36.6,59,2,220,321,99
181560,2011,100,27.56,46,2,400,321,99
116491,2011,100,45.39,36,2,350,311,4
41492,2011,192,18.7,70,1,100,212,99
135709,2011,192,13.93,47,2,210,999,1
146875,2011,210,22.64,52,1,100,999,98
41594,2011,223,29.12,68,1,210,321,99
9740,2011,100,29.06,44,2,400,322,4
60950,2011,210,17.08,59,2,350,321,4
226817,2011,210,16.26,42,2,210,400,7
130746,2011,210,40.77,52,1,100,321,2
25657,2011,210,21.04,85,1,210,321,5
36022,2011,210,19.35,52,2,100,400,4
173652,2011,210,34.79,59,1,350,212,7
162012,2011,100,50.68,48,1,210,322,3
158642,2011,100,28.68,57,1,100,212,98
113791,2011,210,26.86,23,1,210,311,99
221815,2011,210,22.35,55,2,400,999,8
111291,2011,999,32.89,65,2,350,221,5
138955,2011,223,21.66,55,2,100,311,4
91386,2011,210,28.61,41,2,100,321,8
182272,2011,210,15.95,71,1,210,212,9
234422,2011,210,23.92,42,2,210,311,7
202216,2011,210,17.68,45,2,210,110,5
92791,2011,210,19.54,53,1,350,321,5
88572,2011,210,18.32,27,2,210,110,9
150327,2011,192,47.65,40,2,210,110,9
46698,2011,100,16.21,29,2,210,221,2
149095,2011,100,32.28,64,2,210,321,99
124754,2011,100,18.58,63,2,400,221,4
70104,2011,210,34.01,34,1,100,400,1
63686,2011,210,20.79,29,2,100,311,99
231934,2011,210,18.55,88,1,210,322,99
138672,2011,210,41.11,63,1,350,212,9
157081,2011,100,35.3,74,1,400,400,2
52584,2011,100,14.48,58,2,210,400,99
111311,2011,223,42.11,33,2,210,221,8
198782,2011,250,45.5,22,2,100,400,2
202432,2011,210,36.96,34,1,100,311,8
59723,2011,100,35.24,62,1,400,321,3
177557,2011,100,14.83,37,1,210,322,3
27102,2011,100,31.17,76,1,210,321,4
172178,2011,210,15.8,20,2,210,321,5
92526,2011,100,14.69,61,2,210,221,2
208440,2011,210,26.21,44,2,210,212,1
128237,2011,192,22.44,26,1,210,321,4
114849,2011,210,32.14,51,1,210,212,6
167353,2011,210,27.38,38,1,350,221,8
178992,2011,210,54.44,37,2,210,221,9
66562,2011,210,18.01,82,2,350,212,99
198038,2011,192,36.94,79,1,100,110,99
40876,2011,100,20.24,59,1,210,321,7
226012,2011,210,51.03,48,2,210,321,7
156190,2011,223,17.1,28,2,100,321,8
177505,2011,210,31.34,25,2,100,221,1
157532,2011,210,15.29,37,2,100,311,4
192599,2011,192,41.91,48,2,100,321,8
88305,2011,210,32.77,33,2,210,212,7
212623,2011,210,19.82,75,1,210,321,1
196693,2011,210,31.9,53,1,100,400,1
88090,2011,100,32.75,49,1,350,400,1
60703,2011,210,20.77,47,2,100,322,4
180065,2011,100,27.83,55,1,210,322,99
90809,2011,250,48.76,81,1,210,221,6
41596,2011,192,15.43,74,1,210,999,1
77791,2011,100,31.31,17,1,100,321,7
158168,2011,999,18.38,48,2,210,110,7
130396,2011,210,16.93,46,1,100,321,2
118488,2011,100,18.44,70,1,350,322,2
206147,2011,210,41.62,29,1,350,321,3
50609,2011,192,28.05,36,1,210,311,8
179628,2011,210,35.83,60,2,100,221,9
180018,2011,210,15.8,20,2,210,321,1
173822,2011,210,49.24,31,1,100,221,4
72438,2011,210,17.43,48,1,350,321,98
123449,2011,210,18.91,47,1,210,311,1
1474,2011,210,36.27,62,1,100,322,7
28912,2011,223,36.58,82,2,400,321,99
136316,2011,210,18.4,60,2,350,221,3
229326,2011,210,17.36,94,1,400,110,99
100426,2011,100,28.16,56,2,210,221,5
236869,2011,192,32.44,79,1,350,212,99
213645,2011,210,32.26,47,1,350,400,99
111143,2011,210,39.95,46,1,100,311,3
122141,2011,250,63.24,16,1,100,221,7
61544,2011,100,52.34,40,2,210,321,6
66170,2011,100,20.87,60,1,220,400,2
184674,2011,210,34.95,50,2,210,110,8
91317,2011,210,24.42,49,2,100,400,3
155992,2011,210,22.68,49,1,100,999,99
168172,2011,210,19.24,60,1,350,311,99
132760,2011,100,26.71,45,1,220,322,5
86461,2011,210,19.22,75,2,350,221,99
190378,2011,192,15.41,65,1,210,221,2
104088,2011,210,44.49,29,2,100,221,5
167013,2011,210,15.64,51,2,210,400,7
143511,2011,210,24.95,46,2,210,322,3
57211,2011,100,34.02,38,2,210,321,3
236237,2011,210,21.72,28,1,210,999,4
192734,2011,210,20.35,59,2,350,311,3
126669,2011,192,14.51,61,1,210,321,99
95878,2011,192,53.16,20,1,100,321,0
232310,2011,210,29.91,42,2,210,322,5
225819,2011,210,19.65,51,1,210,999,9
47487,2011,210,16.95,33,2,210,311,1
140352,2011,210,41.81,51,1,400,221,99
17240,2011,210,42.0,86,1,100,999,99
73360,2011,100,19.36,52,2,210,321,5
57914,2011,100,19.08,46,1,210,400,4
164171,2011,100,32.12,70,1,210,322,3
88838,2011,100,32.81,43,2,100,321,5
99339,2011,192,18.49,63,1,400,322,99
104766,2011,210,19.64,42,1,100,311,1
74669,2011,100,66.47,56,1,100,110,99
126444,2011,210,30.59,42,1,210,221,98
91314,2011,100,26.49,59,2,100,221,1
181046,2011,210,25.18,44,1,350,221,8
110468,2011,210,19.6,60,2,100,311,99
180717,2011,100,41.25,61,2,210,321,6
141063,2011,210,42.63,24,1,210,110,7
80584,2011,210,17.8,71,2,350,221,99
55207,2011,100,46.81,48,2,210,221,9
175644,2011,250,21.49,32,1,100,221,6
96138,2011,192,17.17,35,2,350,321,9
218686,2011,210,31.64,33,1,220,221,99
122386,2011,210,17.48,42,1,210,999,5
13382,2011,210,23.92,90,1,100,400,99
207932,2011,100,37.73,33,2,210,212,99
236894,2011,999,16.95,30,2,210,311,98
110228,2011,210,17.56,55,2,210,212,1
174934,2011,210,14.83,36,1,210,322,7
109955,2011,210,42.86,39,1,100,322,2
18616,2011,999,16.15,84,1,210,322,99
145624,2011,100,33.45,67,1,400,221,6
151538,2011,210,35.33,65,2,100,400,4
64172,2011,210,22.24,48,2,350,311,4
183286,2011,192,16.59,74,1,400,322,99
188896,2011,210,21.41,23,2,100,322,7
100337,2011,210,19.25,64,2,100,400,99
177360,2011,210,14.4,43,2,350,321,5
31363,2011,192,43.08,27,1,100,321,2
77450,2011,210,56.26,26,1,100,212,2
119868,2011,210,23.07,23,2,210,321,2
43600,2011,100,21.59,39,1,100,221,8
37662,2011,210,29.32,49,2,210,400,98
78621,2011,100,31.67,79,1,210,400,1
179603,2011,210,37.64,51,2,350,221,9
85853,2011,223,16.25,47,2,100,321,5
12695,2011,210,24.3,56,2,350,400,99
98802,2011,100,22.73,49,2,400,322,3
193294,2011,210,19.6,61,2,100,400,5
174054,2011,210,16.26,42,1,210,311,3
210441,2011,100,38.89,72,2,100,321,7
84758,2011,210,28.84,41,2,350,321,99
10054,2011,210,21.17,55,2,100,212,8
142646,2011,223,12.47,52,2,210,311,9
78551,2011,210,29.25,58,2,400,322,99
128504,2011,210,52.05,34,2,350,322,99
43188,2011,192,18.0,70,2,210,322,99
188590,2011,100,31.5,38,1,210,400,2
95940,2011,192,36.22,67,1,100,311,1
85568,2011,210,34.44,59,2,350,221,3
146607,2011,100,34.41,79,1,100,322,99
58350,2011,192,45.05,32,2,350,212,99
137931,2011,999,15.08,30,2,210,322,4
79706,2011,210,43.07,33,2,100,110,99
223925,2011,210,12.64,23,2,100,322,2
120430,2011,210,15.87,56,2,350,322,4
187369,2011,100,28.92,65,1,400,221,99
52036,2011,210,30.89,39,2,100,221,3
201247,2011,210,36.57,38,2,210,321,9
152434,2011,210,24.89,26,2,350,311,5
40153,2011,210,22.95,43,1,210,221,99
211496,2011,210,33.64,62,2,350,311,3
118357,2011,210,19.57,91,1,210,321,99
93496,2011,210,27.02,89,1,210,110,99
149847,2011,210,19.12,29,2,100,400,98
170649,2011,210,45.47,32,1,100,400,4
157197,2011,250,21.81,51,1,350,321,98
228234,2011,100,16.76,74,1,210,321,98
122475,2011,100,42.3,58,2,100,311,1
206632,2011,100,14.48,55,2,210,322,1
169549,2011,192,15.94,76,1,210,221,3
135269,2011,210,18.5,41,2,350,212,5
148532,2011,100,57.92,44,1,100,322,8
192790,2011,210,17.47,49,2,350,999,99
103608,2011,210,17.23,38,1,100,221,98
209590,2011,210,65.07,33,1,100,999,2
224223,2011,210,19.29,65,1,400,999,99
143413,2011,100,14.85,57,2,210,221,4
165764,2011,100,32.16,70,2,210,322,2
198342,2011,210,20.53,61,1,100,321,5
95785,2011,210,16.84,50,1,350,321,4
230442,2011,210,23.2,52,2,350,321,6
35495,2011,192,44.03,62,1,350,400,99
139410,2011,210,28.08,37,2,100,221,3
73530,2011,210,17.24,27,1,210,311,5
226297,2011,210,32.43,79,1,400,322,99
171895,2011,100,41.18,45,2,210,221,98
229670,2011,100,40.09,49,1,210,322,5
160988,2011,250,21.28,21,2,100,311,99
103894,2011,210,22.83,52,1,210,311,99
128387,2011,100,36.15,61,2,400,221,8
205509,2011,210,42.97,39,2,350,322,99
162260,2011,210,17.65,69,1,210,400,3
108147,2011,210,15.41,27,1,210,321,6
161651,2011,210,17.38,34,1,210,400,4
124745,2011,210,39.36,45,1,100,321,99
232845,2011,210,16.41,57,2,350,221,5
96286,2011,210,33.18,71,2,400,321,4
235585,2011,210,19.93,38,2,350,400,1
130511,2011,210,57.38,24,1,100,322,3
87546,2011,210,45.96,28,2,210,400,8
149284,2011,210,19.68,19,1,100,321,8
38960,2011,210,41.42,28,2,350,999,99
231633,2011,210,25.34,37,2,100,999,99
133493,2011,210,31.2,62,2,210,321,98
37572,2011,210,30.18,80,1,210,400,99
183622,2011,210,14.79,62,1,210,221,2
101213,2011,192,42.38,57,2,350,221,2
108253,2011,210,19.44,36,2,350,221,3
64952,2011,100,32.49,52,1,210,311,2
127588,2011,210,17.86,15,1,100,212,99
117887,2011,210,20.1,53,2,400,110,99
175851,2011,210,24.71,44,2,350,221,4
94466,2011,192,41.91,57,1,350,322,1
151077,2011,250,23.08,48,2,100,221,9
128003,2011,210,46.29,43,2,210,221,2
159903,2011,210,23.91,29,1,350,322,5
100392,2011,100,16.9,43,2,100,110,9
114835,2011,210,27.09,31,2,210,321,5
99780,2011,210,17.12,64,2,210,221,3
171518,2011,210,24.97,46,2,350,221,2
95468,2011,210,17.94,43,2,400,322,3
215647,2011,210,17.99,52,2,100,221,3
128202,2011,210,68.39,72,1,210,110,99
42759,2011,100,23.67,50,1,350,400,1
115067,2011,100,28.64,47,2,210,322,2
93136,2011,100,16.86,62,2,400,321,9
234214,2011,192,17.76,45,2,210,322,9
213164,2011,192,11.03,15,2,100,221,99
63996,2011,100,53.06,58,2,350,321,8
209953,2011,210,54.69,24,2,210,212,9
124731,2011,210,19.76,32,2,350,221,99
236664,2011,210,17.15,41,1,100,321,99
191669,2011,210,37.3,49,2,400,999,99
213543,2011,210,19.41,28,1,100,311,99
125013,2011,210,28.39,38,1,100,221,3
198797,2011,210,23.89,59,1,400,400,98
156302,2011,192,38.97,27,1,210,321,5
187465,2011,100,37.14,58,1,350,322,1
233153,2011,100,20.58,20,2,100,400,99
113461,2011,210,22.28,37,1,350,400,1
148616,2011,210,35.66,80,1,400,311,99
36459,2011,210,29.25,59,2,350,321,1
218391,2011,100,36.95,46,2,220,322,3
113276,2011,210,14.19,41,2,100,110,7
195214,2011,210,22.69,66,1,210,321,3
93569,2011,223,17.04,49,2,100,321,9
224974,2011,192,32.5,68,2,100,322,99
142108,2011,100,17.81,89,2,210,999,99
149875,2011,100,37.97,18,1,100,322,6
127416,2011,250,51.72,25,2,100,322,2
133885,2011,210,20.46,83,2,350,221,1
61994,2011,100,34.22,72,1,210,321,99
42723,2011,100,36.95,59,2,210,400,4
160779,2011,223,24.42,84,1,210,999,99
110318,2011,100,26.55,54,2,210,322,1
16193,2011,192,31.55,24,2,210,110,5
119205,2011,192,35.56,88,1,210,400,99
51506,2011,210,28.03,52,2,350,400,4
175620,2011,210,22.05,33,1,350,321,3
223221,2011,210,42.94,35,2,210,999,9
57185,2011,210,18.73,53,1,100,400,2
69483,2011,210,37.33,32,2,350,321,4
189899,2011,210,34.6,77,1,100,221,99
126574,2011,210,20.56,29,2,210,212,8
144019,2011,210,18.06,80,1,210,212,99
184463,2011,210,41.34,48,1,350,311,3
64764,2011,192,19.96,50,1,210,311,3
81932,2011,210,18.5,35,2,350,321,3
173200,2011,250,17.86,19,1,100,321,6
225062,2011,210,34.7,58,1,100,400,2
158684,2011,210,39.78,70,1,350,400,3
120020,2011,999,58.01,27,1,100,221,1
67790,2011,210,25.58,70,1,210,212,98
153209,2011,210,22.6,53,2,210,110,99
159204,2011,100,14.29,44,2,100,321,8
46342,2011,210,54.95,62,1,400,110,7
77260,2011,250,23.25,24,2,100,321,9
198991,2011,210,39.39,35,2,100,400,4
102519,2011,192,15.36,28,2,210,322,4
158613,2011,210,58.97,43,1,210,110,9
98219,2011,210,37.92,39,1,350,321,7
3588,2011,210,44.27,50,2,210,321,5
68707,2011,100,17.22,72,2,210,221,99
64752,2011,250,25.45,28,2,100,400,2
180719,2011,223,24.25,59,1,210,400,9
126457,2011,210,37.14,43,2,210,999,5
97718,2011,210,31.65,34,1,210,311,5
168125,2011,223,36.96,62,1,350,321,3
224867,2011,210,29.58,34,1,100,212,5
169664,2011,210,39.16,36,2,210,221,5
225902,2011,210,48.34,45,1,350,322,8
79295,2011,999,27.3,36,2,210,221,99
144621,2011,100,54.87,50,2,210,311,1
138127,2011,100,20.06,61,2,100,110,9
34529,2011,192,16.37,71,1,210,321,4
218801,2011,210,21.09,89,2,400,999,99
220938,2011,210,17.77,35,2,350,322,2
99039,2011,210,14.42,39,2,100,322,7
194257,2011,210,15.74,70,2,210,321,9
148734,2011,210,17.52,77,2,210,212,99
213998,2011,100,24.92,43,1,210,400,4
160115,2011,210,42.58,64,1,100,321,8
76976,2011,210,23.64,28,2,210,999,5
110010,2011,100,19.08,56,2,220,400,3
188195,2011,100,17.38,27,1,210,322,7
82882,2011,192,14.34,45,2,400,311,3
41545,2011,100,19.64,54,2,210,321,4
84075,2011,210,53.07,25,1,100,311,8
143020,2011,100,28.11,36,1,210,321,2
214473,2011,210,19.46,32,2,350,321,9
106162,2011,210,39.87,29,1,210,400,99
178981,2011,210,18.57,63,2,400,999,99
193695,2011,210,37.67,61,1,350,311,7
186750,2011,100,31.33,39,1,210,221,2
140142,2011,210,18.04,87,1,400,999,99
65928,2011,210,37.31,26,1,100,400,1
98482,2011,210,18.16,42,2,350,400,5
165262,2011,100,18.15,60,1,400,321,7
26918,2011,100,12.0,47,2,210,321,8
235474,2011,223,56.52,24,1,100,311,98
175909,2011,210,29.84,54,2,100,322,5
70126,2011,210,40.86,49,2,400,212,99
185170,2011,210,35.75,57,1,100,400,2
9849,2011,100,17.65,69,1,210,212,3
28793,2011,210,15.39,40,1,210,311,8
96618,2011,210,22.95,17,2,100,321,3
159165,2011,210,21.1,35,1,350,221,99
188593,2011,210,16.19,63,2,210,400,99
197225,2011,210,36.59,38,2,350,212,5
224383,2011,210,50.61,46,2,210,321,7
102376,2011,210,35.83,61,2,100,321,4
54163,2011,210,22.51,29,1,100,322,1
152770,2011,210,19.25,53,1,350,400,5
15357,2011,210,36.03,72,1,350,321,1
81072,2011,192,14.89,65,2,210,322,1
106739,2011,223,31.55,43,2,350,221,5
230338,2011,210,37.15,79,1,210,110,99
129248,2011,210,34.09,60,2,350,221,2
178289,2011,210,16.94,48,2,100,212,4
190755,2011,999,35.42,50,1,210,999,98
131489,2011,210,38.93,29,1,210,221,9
148149,2011,210,12.93,42,2,210,221,1
94863,2011,210,22.01,43,1,350,311,3
69538,2011,210,17.89,38,1,100,212,8
50401,2011,210,36.58,80,2,350,322,99
214343,2011,210,35.94,26,2,100,221,1
117928,2011,210,14.73,39,1,210,212,5
228762,2011,192,30.57,43,2,400,321,3
159311,2011,250,45.61,55,1,350,322,99
211681,2011,210,37.18,48,2,100,999,99
110548,2011,210,17.15,35,1,100,400,5
117123,2011,100,41.38,49,1,210,321,6
79801,2011,250,32.06,39,1,210,400,99
237982,2011,210,14.88,78,1,210,212,99
124550,2011,192,19.86,59,1,100,321,1
102330,2011,210,18.13,88,2,210,999,99
79792,2011,210,21.28,59,1,350,322,99
16704,2011,210,19.65,56,2,400,212,5
164981,2011,100,15.95,70,1,210,321,6
205558,2011,192,16.84,38,1,210,400,5
151690,2011,210,49.49,48,1,350,322,98
227319,2011,223,23.81,40,2,350,221,4
173588,2011,210,13.31,53,2,210,322,1
188779,2011,999,16.58,74,2,400,311,98
85571,2011,100,49.11,55,2,210,221,3
188504,2011,210,20.77,44,2,210,321,8
112813,2011,100,28.46,38,2,210,311,99
202280,2011,210,35.21,63,2,400,322,2
78449,2011,210,19.43,39,1,350,400,3
134944,2011,210,47.8,53,1,350,221,9
156057,2011,192,44.54,35,2,350,400,98
63734,2011,210,18.0,38,2,100,322,3
183375,2011,192,37.15,74,2,100,999,99
88204,2011,100,32.89,64,1,210,321,7
138271,2011,210,19.86,21,2,100,212,99
229072,2011,100,33.77,82,1,210,221,1
179674,2011,192,31.44,59,2,400,321,4
126395,2011,100,30.7,57,2,210,212,1
231462,2011,210,16.06,51,2,350,400,7
115475,2011,100,39.72,18,1,100,212,3
132300,2011,210,16.67,40,1,210,400,98
78212,2011,210,20.31,25,1,210,321,7
158828,2011,192,60.25,54,1,400,321,8
214380,2011,210,16.66,32,1,210,322,2
124050,2011,210,23.34,48,1,350,321,2
111382,2011,210,15.9,35,2,100,221,3
7487,2011,100,12.75,38,2,210,321,5
101128,2011,100,28.85,63,1,210,400,98
136492,2011,192,19.3,44,2,210,321,99
184825,2011,100,28.46,37,2,210,321,7
183011,2011,100,23.88,44,2,400,311,99
140026,2011,192,16.8,38,1,210,400,2
152806,2011,223,43.14,37,1,100,400,2
43614,2011,210,31.45,36,1,100,321,2
206654,2011,210,30.84,16,1,100,999,6
19267,2011,210,29.31,57,1,400,322,3
233510,2011,192,17.28,46,1,100,400,1
123278,2011,100,13.12,61,1,210,999,1
201834,2011,100,15.8,39,2,210,322,1
172755,2011,250,19.02,84,1,210,311,99
187173,2011,100,37.53,18,2,100,221,98
163587,2011,210,31.47,37,1,210,322,99
188364,2011,210,17.87,43,1,210,110,7
121690,2011,210,31.12,38,1,210,999,99
114685,2011,223,49.34,47,1,210,999,8
116905,2011,210,22.36,43,1,350,400,4
227243,2011,192,16.86,61,2,350,400,2
124402,2011,210,19.51,33,2,220,322,2
138613,2011,999,37.57,71,2,350,999,99
4299,2011,210,34.0,32,2,210,321,5
127294,2011,192,16.12,68,2,400,322,5
126872,2011,210,12.64,51,1,210,311,7
191093,2011,100,17.02,45,1,100,322,98
13453,2011,210,21.65,30,2,350,221,1
172128,2011,210,17.96,54,2,220,212,4
114250,2011,210,19.52,35,1,100,400,1
40680,2011,210,43.35,33,1,210,322,1
194655,2011,210,17.1,25,2,100,322,4
212536,2011,100,32.37,73,1,210,322,7
389,2011,192,19.1,43,2,210,110,98
5656,2011,210,17.39,19,1,100,322,3
82279,2011,210,46.81,36,2,210,110,9
108530,2011,210,20.29,28,2,210,212,98
149475,2011,210,66.74,44,1,350,321,1
97261,2011,210,17.94,56,1,210,400,4
133469,2011,210,38.72,45,2,400,311,9
173635,2011,100,19.46,58,2,100,311,2
78685,2011,192,16.34,66,2,210,322,7
208032,2011,999,38.4,72,1,100,110,99
123192,2011,210,22.08,33,2,350,311,4
235677,2011,210,44.14,31,2,100,400,4
99038,2011,210,19.32,34,2,100,322,4
70916,2011,210,43.83,55,1,350,322,2
224936,2011,210,37.08,67,1,350,400,3
82732,2011,210,17.94,52,1,350,321,3
196481,2011,999,17.8,79,2,350,999,99
213238,2011,100,16.83,70,2,350,221,98
53370,2011,192,35.28,80,2,210,321,99
191975,2011,100,35.6,52,1,100,221,98
175623,2011,210,41.5,88,1,350,321,99
114881,2011,210,49.56,35,1,220,400,9
153886,2011,210,21.53,61,2,100,221,98
141898,2011,210,47.07,28,1,100,311,6
119283,2011,210,19.61,36,1,350,221,5
144893,2011,999,16.92,52,1,100,321,98
66459,2011,210,20.91,28,1,350,311,8
203735,2011,210,40.0,34,1,350,322,3
111608,2011,210,20.35,37,1,100,311,7
119137,2011,192,17.96,71,1,210,400,3
68974,2011,210,23.23,41,1,350,400,98
233740,2011,210,40.79,47,1,100,221,9
31020,2011,210,43.47,79,1,400,321,99
198049,2011,210,19.11,50,2,350,212,99
128374,2011,100,17.07,29,2,210,322,99
225370,2011,210,34.33,36,1,210,321,1
161088,2011,210,22.17,45,2,210,212,99
134480,2011,210,33.19,54,2,100,311,99
55805,2011,210,44.03,61,1,400,321,3
75367,2011,210,21.02,33,2,350,321,5
159843,2011,210,25.76,33,2,210,999,4
61103,2011,100,21.3,46,1,210,321,1
80359,2011,210,106.6,47,1,210,212,5
59692,2011,192,16.37,67,2,350,322,3
25746,2011,100,14.51,62,1,210,321,99
141266,2011,100,32.16,55,2,400,221,6
32718,2011,210,50.72,58,1,350,212,9
93786,2011,100,21.29,53,1,210,321,4
148570,2011,210,27.73,16,2,100,321,99
204205,2011,100,32.24,33,1,210,400,3
211853,2011,210,19.54,46,1,210,212,2
99468,2011,192,48.47,47,2,350,321,3
176802,2011,192,16.52,49,1,350,221,1
161554,2011,210,16.7,38,2,210,322,2
154559,2011,210,18.17,53,2,210,212,1
168646,2011,100,33.15,70,2,210,221,8
110412,2011,210,45.66,55,1,350,321,5
38947,2011,210,46.51,38,1,220,400,1
22188,2011,210,36.04,55,1,350,221,7
149977,2011,210,35.78,26,2,210,400,3
152624,2011,192,27.46,59,1,210,311,3
126206,2011,192,16.76,80,2,350,311,99
189017,2011,192,19.11,47,1,220,400,2
81316,2011,100,22.06,64,1,350,321,2
236329,2011,210,51.46,30,1,210,321,9
237643,2011,100,24.89,53,1,210,321,6
116930,2011,210,16.12,33,2,210,212,98
195715,2011,210,73.75,68,1,400,212,99
229468,2011,192,34.58,59,2,100,322,3
144541,2011,100,22.64,48,2,210,321,4
110976,2011,999,24.36,65,1,210,311,1
212679,2011,210,19.72,17,1,100,221,6
6552,2011,210,19.61,59,2,400,212,2
46705,2011,210,16.19,65,1,210,321,9
64012,2011,100,48.18,42,2,210,321,1
228722,2011,210,17.52,63,1,210,311,3
123728,2011,192,34.09,64,2,400,221,4
228034,2011,250,45.32,81,1,100,110,99
209267,2011,100,41.84,48,2,400,321,5
137266,2011,210,19.26,80,1,210,321,7
77502,2011,210,20.55,63,1,350,999,2
230680,2011,210,20.93,55,1,100,321,2
78123,2011,250,48.14,22,1,100,321,99
163149,2011,210,34.53,58,1,400,322,99
127428,2011,223,36.36,47,2,210,322,7
164412,2011,100,39.01,46,1,100,321,7
130565,2011,210,25.54,60,1,350,999,99
176227,2011,210,32.64,64,2,350,221,99
218632,2011,250,36.33,51,1,210,322,6
63118,2011,210,33.94,70,2,210,999,99
164732,2011,100,32.16,58,2,400,221,1
155506,2011,210,38.0,53,1,210,400,7
56061,2011,210,19.14,34,2,100,322,1
105012,2011,100,33.27,42,2,210,221,9
218656,2011,210,17.77,60,2,100,321,4
210503,2011,210,30.3,24,2,210,221,9
24121,2011,210,53.45,36,1,100,110,99
106895,2011,210,17.19,41,2,100,221,3
171036,2011,100,16.15,68,2,100,321,4
116769,2011,210,16.78,52,1,350,221,3
148849,2011,210,16.64,21,2,210,321,4
74351,2011,100,36.82,63,1,210,311,99
124983,2011,210,15.64,70,1,210,321,9
179311,2011,192,39.28,56,2,350,322,7
47569,2011,100,14.79,38,2,210,221,3
233375,2011,100,19.38,26,2,100,311,99
101702,2011,210,26.55,38,1,100,322,8
210518,2011,210,54.25,32,1,100,221,99
12088,2011,250,32.96,80,1,210,221,5
227660,2011,250,17.23,79,2,210,321,4
112471,2011,210,29.39,33,1,100,322,2
118229,2011,210,16.51,23,1,100,212,7
222657,2011,210,18.03,56,1,350,322,99
148253,2011,210,15.29,38,2,100,212,6
204730,2011,210,22.66,47,1,100,400,1
225829,2011,210,32.97,33,2,350,322,5
226324,2011,210,17.58,26,1,210,999,7
72182,2011,192,22.25,62,1,210,212,4
179192,2011,210,35.83,61,2,100,321,5
202000,2011,100,17.78,78,1,210,321,99
16215,2011,192,15.8,75,2,210,212,8
153776,2011,100,31.0,42,1,210,400,3
226385,2011,192,16.89,70,1,210,322,7
145767,2011,210,20.41,32,1,100,322,2
118420,2011,210,25.75,24,2,210,322,99
231695,2011,210,18.84,52,1,210,322,7
156245,2011,210,14.34,49,2,400,311,99
200080,2011,210,18.39,46,1,100,221,2
167035,2011,210,16.85,32,2,100,221,4
193117,2011,210,15.62,62,2,210,322,98
129500,2011,100,37.46,48,2,100,321,4
215300,2011,100,18.21,50,2,210,212,5
137226,2011,210,25.23,32,1,350,400,1
203289,2011,210,19.84,48,2,350,322,5
128286,2011,210,20.41,33,1,100,400,5
186058,2011,100,20.79,64,1,400,311,99
226359,2011,100,15.49,55,1,210,311,1
208443,2011,100,15.19,69,2,400,322,2
95995,2011,100,20.62,43,2,210,311,3
234939,2011,192,13.76,58,1,210,321,98
231685,2011,100,44.63,58,1,100,322,1
171902,2011,100,39.27,63,2,400,212,1
208974,2011,100,31.63,54,2,400,321,7
138512,2011,100,15.38,58,2,210,221,4
170338,2011,100,17.13,52,1,350,999,8
49083,2011,100,21.52,43,2,210,110,1
142977,2011,210,33.58,76,2,350,999,99
195424,2011,100,47.71,23,2,100,400,4
81671,2011,100,19.1,88,2,210,321,99
34924,2011,192,34.9,66,1,210,322,99
234518,2011,210,54.3,34,2,100,221,98
190364,2011,210,31.46,68,2,350,311,5
179741,2011,210,19.65,28,1,210,221,1
196871,2011,210,28.2,33,2,100,400,98
151131,2011,100,37.29,49,1,210,321,7
236570,2011,210,18.03,63,2,350,400,99
93699,2011,210,19.12,55,1,350,321,3
187525,2011,100,32.84,53,1,100,212,7
182266,2011,210,18.18,87,1,350,321,99
69733,2011,210,36.03,70,1,350,311,2
110491,2011,100,43.27,49,2,210,322,5
218921,2011,100,21.05,36,1,210,400,9
93684,2011,210,15.89,38,1,210,221,5
186813,2011,999,18.08,23,1,210,321,98
118765,2011,999,31.02,24,2,350,221,98
152915,2011,223,37.28,53,2,100,322,99
97977,2011,100,44.07,59,2,210,322,5
94649,2011,210,16.79,51,2,350,321,7
194001,2011,210,31.86,34,1,210,322,2
146937,2011,210,17.42,87,2,100,221,99
10642,2011,210,95.32,41,1,350,999,9
205234,2011,100,17.84,55,1,100,322,7
73348,2011,210,33.5,54,1,350,322,7
236144,2011,210,16.9,40,2,100,311,2
83847,2011,192,34.23,25,2,210,321,99
18901,2011,100,16.58,36,1,210,400,2
40939,2011,192,71.16,51,1,350,221,4
66761,2011,210,21.63,35,1,210,311,2
63590,2011,210,39.21,82,2,100,400,98
177715,2011,210,43.5,28,2,350,400,5
213528,2011,210,37.87,54,2,350,400,5
160327,2011,100,18.66,16,1,100,221,2
199736,2011,210,17.58,34,1,210,999,99
130791,2011,100,28.01,54,1,400,400,2
171247,2011,100,20.76,90,1,400,400,99
146385,2011,210,32.74,30,2,100,110,99
179262,2011,250,25.84,54,1,100,400,7
142980,2011,192,33.92,76,2,400,311,98
196715,2011,210,36.17,18,2,100,999,99
126981,2011,100,19.47,49,2,210,322,2
219993,2011,210,33.62,84,1,350,311,99
91977,2011,192,33.58,75,2,210,321,3
216908,2011,210,29.7,25,2,210,212,9
77889,2011,210,41.95,43,2,400,212,98
95049,2011,210,35.98,68,1,350,322,98
142469,2011,210,44.45,66,1,350,212,99
116329,2011,210,15.4,70,2,210,311,4
40503,2011,223,17.33,62,2,350,322,3
52022,2011,210,38.15,22,1,100,221,5
167412,2011,192,32.89,61,1,210,322,2
162245,2011,100,32.27,78,2,400,221,99
100522,2011,250,21.35,30,1,100,311,99
138098,2011,250,20.88,23,2,100,400,99
109071,2011,210,17.44,55,2,400,321,3
201980,2011,192,14.59,59,1,210,311,5
136632,2011,210,16.12,28,2,210,311,98
139035,2011,100,33.38,47,2,210,221,6
110519,2011,210,20.08,88,1,400,321,99
185039,2011,210,58.71,30,1,210,110,5
158143,2011,210,44.51,59,1,350,212,9
133007,2011,100,35.79,34,2,210,221,3
165469,2011,210,15.64,64,2,210,322,3
153211,2011,192,38.39,53,1,350,321,1
175368,2011,223,24.7,60,2,100,221,5
128693,2011,210,17.27,72,2,350,400,99
145967,2011,210,15.03,49,2,350,110,99
48579,2011,100,36.54,80,1,210,311,98
235630,2011,210,22.25,61,1,210,321,6
161209,2011,223,25.98,37,2,100,999,2
75715,2011,210,17.89,41,1,100,322,99
115624,2011,210,19.44,43,2,210,321,4
80506,2011,210,38.94,42,2,100,321,5
167842,2011,210,14.66,35,2,210,322,5
106482,2011,223,17.26,68,1,210,321,99
152826,2011,100,100.01,52,1,210,322,6
78527,2011,210,18.57,81,2,350,322,99
54422,2011,210,19.38,27,2,100,221,4
21860,2011,210,40.5,65,1,100,321,3
161081,2011,100,15.51,36,2,210,322,3
236893,2011,100,36.54,81,1,210,321,3
83586,2011,192,32.05,71,1,210,322,1
38526,2011,100,30.59,40,1,210,321,8
196699,2011,210,14.47,37,2,210,221,4
215803,2011,210,34.39,77,1,100,322,3
15485,2011,210,43.25,61,2,350,212,5
56744,2011,210,24.23,47,1,210,212,7
52260,2011,210,63.02,41,1,350,212,5
185232,2011,210,33.36,40,2,100,311,5
1546,2011,223,32.52,54,2,400,311,3
26678,2011,250,38.91,56,2,100,221,2
53866,2011,210,16.06,66,2,100,321,99
56309,2011,100,39.55,26,1,210,322,1
166906,2011,192,24.78,44,1,210,400,6
152877,2011,210,29.42,32,2,350,400,5
215877,2011,250,27.43,29,2,100,400,5
170414,2011,210,19.57,26,2,100,221,3
132268,2011,210,17.93,57,2,400,321,4
187233,2011,210,20.1,33,2,400,110,99
230837,2011,210,20.73,55,2,210,999,3
130637,2011,999,36.48,84,1,350,321,99
198065,2011,210,30.57,41,2,350,311,99
172813,2011,210,48.73,29,1,100,999,9
145389,2011,192,18.61,45,2,210,221,4
135980,2011,100,32.92,49,1,100,322,1
218098,2011,250,20.93,58,1,100,321,1
171537,2011,210,17.86,25,1,210,322,4
130203,2011,210,28.42,39,1,350,212,8
48476,2011,210,17.55,47,2,220,221,5
144815,2011,210,30.13,32,1,100,221,4
71453,2011,210,34.73,33,2,350,321,3
129871,2011,100,19.17,60,2,350,212,5
102048,2011,210,39.13,29,1,100,212,3
90691,2011,100,42.14,38,1,350,321,4
143985,2011,100,26.68,52,1,350,321,2
226535,2011,210,25.2,54,1,350,212,5
70416,2011,192,15.63,71,2,400,221,9
177427,2011,100,32.78,72,2,210,311,99
126143,2011,210,20.06,56,1,210,999,9
59527,2011,100,18.3,68,1,400,322,1
204517,2011,210,37.31,64,1,350,999,99
157088,2011,210,28.51,49,1,100,221,9
59134,2011,210,39.21,48,1,210,321,4
217991,2011,192,13.25,68,2,210,311,98
121188,2011,210,34.43,20,2,100,321,2
100241,2011,100,14.51,64,1,210,321,3
187718,2011,210,54.84,37,1,220,321,3
95753,2011,210,42.41,28,1,100,400,1
201472,2011,210,40.77,53,1,100,322,8
91487,2011,192,19.16,73,2,350,400,99
220126,2011,100,35.84,37,2,350,322,1
175357,2011,210,30.2,49,2,210,999,5
112505,2011,210,31.65,61,1,210,212,9
177499,2011,210,23.17,22,2,210,321,2
33384,2011,210,47.42,47,1,350,221,7
64321,2011,210,24.97,38,1,100,400,2
216561,2011,210,19.75,29,1,210,322,9
43472,2011,210,22.08,32,2,350,221,3
211571,2011,100,18.96,50,2,210,322,6
21313,2011,210,55.22,37,1,100,110,7
116857,2011,210,16.09,23,2,210,321,7
102254,2011,210,15.45,55,1,210,999,6
97470,2011,210,20.34,43,1,210,999,5
9824,2011,192,51.09,22,1,210,322,5
173726,2011,210,18.38,66,1,210,311,2
120132,2011,210,23.92,44,2,210,999,99
159082,2011,210,20.03,51,1,350,400,1
123565,2011,100,46.96,62,2,210,400,3
160128,2011,210,19.45,65,2,100,212,99
66772,2011,210,37.44,32,1,100,221,9
160133,2011,210,19.76,83,2,350,999,99
91610,2011,210,18.76,47,2,350,311,5
136441,2011,210,21.91,27,1,100,311,99
101098,2011,100,17.18,56,2,100,321,9
120298,2011,210,20.08,62,1,100,212,99
74130,2011,210,36.69,39,2,210,400,6
206104,2011,210,19.59,65,1,100,400,3
51645,2011,100,15.12,63,2,210,221,99
230320,2011,210,41.54,62,2,100,321,3
155917,2011,210,37.69,28,2,100,321,2
158063,2011,223,23.04,62,2,100,321,99
132445,2011,100,28.46,37,2,210,311,2
164623,2011,100,36.82,77,1,400,212,99
73071,2011,210,47.54,59,1,100,322,3
61087,2011,210,20.2,58,1,350,322,4
58995,2011,210,16.66,61,2,350,110,9
178383,2011,210,25.81,51,2,210,321,5
213154,2011,210,16.15,84,1,210,221,9
97031,2011,210,21.99,62,1,350,110,8
161929,2011,210,18.17,26,2,210,110,99
89648,2011,210,31.68,47,2,350,400,2
107850,2011,192,31.46,67,2,400,311,2
106359,2011,210,17.1,27,2,100,322,5
206374,2011,999,26.76,22,2,210,321,8
34149,2011,210,34.72,32,1,210,999,2
125096,2011,210,52.38,36,1,210,999,99
48188,2011,100,22.18,46,1,220,311,99
197481,2011,100,23.86,21,1,100,400,98
101597,2011,210,17.7,55,2,100,322,3
102936,2011,210,49.92,43,1,350,400,2
22510,2011,210,21.58,86,1,350,212,99
96791,2011,210,16.29,54,2,350,221,4
131867,2011,100,32.12,71,1,210,321,1
223157,2011,100,25.32,76,1,400,221,99
164116,2011,100,35.36,66,2,400,321,7
140471,2011,210,38.26,83,1,100,322,99
47194,2011,210,43.66,29,1,210,322,3
66995,2011,100,18.02,43,2,100,321,4
184660,2011,210,24.85,45,2,210,999,99
74655,2011,100,33.58,78,2,210,212,99
186262,2011,210,90.78,34,1,210,110,3
155289,2011,210,19.72,50,2,400,212,5
13297,2011,210,20.75,33,2,350,321,9
232626,2011,210,33.58,47,1,350,321,4
97709,2011,100,18.75,44,1,350,321,98
120047,2011,192,35.15,77,1,210,321,6
138026,2011,210,19.04,96,1,400,321,99
162319,2011,100,15.49,50,2,100,311,1
28101,2011,210,18.63,63,1,100,221,8
175990,2011,210,50.6,34,1,100,400,7
45741,2011,210,48.99,33,1,100,400,9
221342,2011,210,37.03,63,1,100,221,99
60280,2011,250,63.89,42,1,100,322,2
57567,2011,210,14.89,40,2,350,221,9
157510,2011,100,28.49,58,1,210,212,9
23056,2011,192,20.44,48,1,210,400,0
172119,2011,250,62.62,22,2,100,400,99
124630,2011,100,44.82,45,2,350,321,98
66155,2011,210,39.27,62,2,350,322,8
84731,2011,100,51.12,43,2,400,321,7
104537,2011,210,16.88,77,2,350,322,4
213454,2011,192,17.18,55,2,100,321,6
230503,2011,210,93.8,55,1,210,400,8
211581,2011,210,16.88,30,2,100,221,3
155579,2011,192,32.85,59,2,100,321,9
72801,2011,210,25.59,51,1,350,400,5
104526,2011,210,16.36,45,2,350,311,99
219985,2011,223,28.43,35,1,210,322,4
21232,2011,210,42.03,28,2,210,212,6
199925,2011,223,50.87,27,2,100,400,8
31392,2011,210,16.93,46,1,100,321,3
143297,2011,210,27.61,28,1,100,999,7
207054,2011,210,16.54,54,1,210,212,1
37811,2011,210,23.36,64,1,210,400,9
174531,2011,210,41.4,38,2,100,221,3
190420,2011,100,22.16,43,1,350,400,3
77775,2011,100,31.81,65,2,210,311,9
142830,2011,210,48.36,53,2,350,321,8
70419,2011,192,33.19,61,2,210,400,2
232850,2011,210,18.49,25,1,210,221,7
188185,2011,210,31.51,26,1,210,311,2
174058,2011,223,35.48,84,2,350,311,99
220047,2011,210,38.94,44,2,100,322,1
214440,2011,210,33.19,51,2,100,221,1
216001,2011,210,17.29,27,1,210,311,7
200691,2011,100,41.22,57,2,400,321,98
15769,2011,100,19.11,48,1,220,221,7
116962,2011,210,21.92,29,1,210,311,3
193882,2011,210,39.0,39,1,350,321,3
205407,2011,210,15.15,21,2,100,221,8
84914,2011,210,13.36,38,1,210,999,5
122249,2011,223,39.68,52,1,350,322,4
200400,2011,192,23.86,38,2,400,400,4
109168,2011,210,16.78,30,2,210,311,99
226246,2011,210,35.03,28,1,210,221,7
113046,2011,192,37.87,50,2,400,311,8
114864,2011,192,22.54,45,2,400,321,3
39919,2011,100,28.45,60,2,210,322,6
120147,2011,210,24.2,30,2,350,400,4
236635,2011,210,34.8,60,2,100,311,4
209725,2011,210,28.76,50,2,210,110,2
119115,2011,192,22.51,50,1,350,400,3
118220,2011,100,26.33,23,1,100,321,1
180853,2011,210,15.91,48,2,350,212,5
152566,2011,210,23.78,33,2,210,311,99
94359,2011,210,19.07,71,1,400,322,99
4001,2011,210,37.91,55,2,350,110,1
140402,2011,210,19.08,57,2,350,322,99
92004,2011,100,27.38,55,1,210,311,0
237585,2011,210,20.44,75,1,350,322,99
225151,2011,100,37.39,52,2,210,321,6
222329,2011,210,29.29,63,2,210,321,2
72298,2011,192,42.59,74,1,400,221,99
180592,2011,223,34.73,34,2,210,212,5
98398,2011,210,38.96,64,2,350,212,99
190981,2011,210,34.06,42,1,100,400,5
83539,2011,210,32.72,59,1,350,311,99
209459,2011,999,36.51,92,1,400,322,99
158729,2011,210,35.42,27,2,100,110,9
235254,2011,210,19.63,47,2,210,221,4
83685,2011,100,36.35,37,2,350,221,3
55454,2011,192,16.19,64,2,210,321,4
183471,2011,100,15.94,75,1,210,212,99
121498,2011,210,19.99,39,1,100,221,5
119011,2011,210,33.82,57,2,350,221,8
142760,2011,210,38.61,58,2,100,212,99
115034,2011,100,33.3,66,2,400,221,1
135080,2011,192,34.88,77,1,400,221,6
193059,2011,100,40.74,56,1,210,221,2
181689,2011,223,36.49,57,1,100,322,7
157774,2011,192,13.53,41,2,210,321,9
191041,2011,210,26.47,24,2,220,321,5
107788,2011,192,20.19,43,1,210,321,98
209479,2011,100,41.79,57,1,210,322,8
89861,2011,100,33.45,41,2,210,322,9
96766,2011,210,34.6,77,1,100,110,99
76701,2011,223,15.23,39,2,210,311,2
216823,2011,210,18.23,47,1,210,212,99
76821,2011,210,32.16,71,2,210,221,98
166264,2011,210,19.91,57,1,210,400,9
104862,2011,100,15.88,63,2,210,321,4
167647,2011,210,40.47,43,2,210,400,98
233645,2011,250,38.01,41,1,210,322,6
58977,2011,210,19.84,41,2,400,311,5
82700,2011,192,38.69,53,1,210,321,2
91002,2011,250,33.02,17,1,100,221,8
222846,2011,210,41.49,23,1,100,110,7
217422,2011,192,43.03,38,1,350,321,1
213071,2011,192,16.11,58,2,400,221,8
139507,2011,100,16.7,71,2,210,999,99
83603,2011,100,35.17,46,1,210,400,5
112824,2011,223,36.14,72,2,350,321,99
144783,2011,192,40.49,29,1,210,311,7
43120,2011,210,26.36,56,1,350,999,8
145231,2011,100,23.09,20,1,100,212,7
196998,2011,210,38.9,60,2,350,321,1
48068,2011,100,13.99,47,1,210,322,3
147734,2011,210,33.67,33,2,210,400,6
111183,2011,192,16.31,77,1,210,321,1
40419,2011,210,16.06,28,2,210,221,7
72588,2011,192,16.53,46,1,100,322,5
144509,2011,192,33.65,35,2,210,400,2
111054,2011,210,33.39,73,2,350,322,99
50152,2011,192,20.08,88,1,350,400,99
233857,2011,210,19.27,31,1,210,311,7
17874,2011,210,23.28,39,1,350,110,98
164446,2011,210,24.42,24,2,100,400,9
206252,2011,210,32.67,41,2,350,321,3
230791,2011,100,18.78,51,1,100,322,1
3143,2011,210,23.67,50,1,210,999,9
151331,2011,210,33.06,44,2,350,400,1
176086,2011,210,15.31,64,1,210,321,9
224866,2011,210,28.96,21,1,100,212,1
158284,2011,210,32.84,50,1,100,221,9
197329,2011,210,17.77,41,1,210,321,4
106881,2011,210,34.37,53,2,350,311,3
73940,2011,210,35.17,52,2,100,311,7
182013,2011,100,18.76,16,1,100,212,99
13047,2011,210,22.58,19,2,100,311,99
95319,2011,210,15.37,54,2,400,311,5
63581,2011,210,14.91,45,2,100,110,3
177411,2011,210,50.26,20,1,100,322,5
145209,2011,210,36.35,38,2,350,321,4
133884,2011,210,21.2,29,1,100,400,4
221344,2011,210,33.5,78,2,400,110,99
133282,2011,100,16.19,67,1,210,221,99
141857,2011,210,17.55,55,1,100,321,4
197229,2011,999,32.45,82,1,210,999,99
46482,2011,192,39.53,58,2,400,321,5
22159,2011,210,21.91,42,1,100,999,7
222704,2011,210,22.41,23,2,210,400,99
217308,2011,999,21.0,84,1,350,221,99
56334,2011,100,25.17,54,2,210,221,4
151489,2011,210,23.77,21,2,100,212,5
212690,2011,210,36.33,49,2,100,400,9
160461,2011,100,32.05,74,1,210,321,6
150665,2011,100,16.31,75,1,210,400,99
177169,2011,210,17.26,38,1,100,321,6
79821,2011,210,25.27,28,2,350,221,99
35073,2011,100,17.26,67,1,210,400,2
75686,2011,210,18.42,48,2,100,110,5
15367,2011,210,53.43,24,1,100,212,5
117297,2011,210,17.74,60,2,400,221,5
235159,2011,192,36.82,62,1,210,400,2
44036,2011,210,10.2,17,2,100,221,99
129694,2011,210,23.13,43,1,220,321,5
48715,2011,100,32.81,65,2,100,321,2
258,2011,100,19.14,47,1,350,221,6
212097,2011,210,35.22,58,1,210,321,4
230587,2011,210,19.33,58,2,100,322,99
232188,2011,210,18.36,46,1,350,212,8
68348,2011,100,18.04,35,2,100,321,6
68371,2011,210,19.06,88,2,210,322,99
103589,2011,210,37.75,68,2,100,400,3
71721,2011,210,20.59,40,1,100,311,2
227724,2011,210,14.89,28,1,210,322,1
139770,2011,210,21.86,51,2,350,221,99
111081,2011,210,17.57,41,2,350,212,98
217591,2011,192,15.91,45,2,400,321,5
193316,2011,100,21.2,56,2,100,311,2
182131,2011,192,37.91,56,2,400,321,5
82776,2011,100,14.73,63,2,210,311,4
83893,2011,100,125.73,21,2,100,311,9
221612,2011,210,36.21,42,1,210,221,5
176851,2011,210,39.06,18,1,100,221,5
12953,2011,210,22.56,26,2,100,322,8
208446,2011,210,28.46,35,2,210,322,1
31103,2011,210,22.84,47,1,210,221,98
41332,2011,210,35.02,71,1,350,321,99
175240,2011,210,36.51,86,1,350,999,99
78833,2011,210,23.32,18,2,100,400,99
127024,2011,210,25.07,39,1,350,321,99
50362,2011,210,12.55,41,1,210,311,7
93054,2011,192,17.44,47,2,350,311,4
90511,2011,250,30.25,25,1,100,311,9
4607,2011,210,19.52,52,1,350,110,99
31049,2011,192,16.59,74,1,400,322,1
80330,2011,210,18.71,37,1,350,321,8
217918,2011,210,16.11,64,2,400,322,99
134100,2011,100,33.56,38,2,210,221,98
228430,2011,210,25.82,46,1,350,999,2
226215,2011,100,48.14,27,1,100,311,0
161692,2011,210,34.77,35,2,100,321,2
181178,2011,210,24.36,32,2,210,212,1
230651,2011,100,30.06,41,1,350,321,2
194040,2011,210,50.06,45,2,100,110,5
198369,2011,100,20.99,65,1,350,400,2
208800,2011,100,20.52,56,2,210,311,3
188264,2011,210,18.55,92,1,210,110,99
81685,2011,210,21.53,42,1,100,999,98
28995,2011,192,33.3,68,2,400,221,7
210873,2011,210,37.07,70,2,350,321,1
40090,2011,210,15.74,22,2,210,322,2
175358,2011,210,32.05,70,1,210,321,5
74499,2011,210,17.89,29,2,210,221,99
114757,2011,210,35.36,50,2,400,321,1
180087,2011,192,17.22,52,1,100,400,99
214310,2011,250,40.77,50,1,100,999,99
227365,2011,100,40.77,50,1,210,322,5
140898,2011,223,39.32,31,2,100,311,7
163680,2011,192,42.94,60,2,400,221,9
154403,2011,100,35.76,62,1,350,321,7
100338,2011,210,14.23,53,2,350,321,2
194640,2011,100,12.66,53,2,210,321,98
138750,2011,210,43.93,33,2,350,221,8
54575,2011,250,40.09,49,1,210,400,6
52397,2011,210,15.95,66,2,400,400,2
233709,2011,210,18.76,20,2,100,212,99
143839,2011,210,16.75,78,2,100,212,99
231028,2011,192,31.46,67,2,350,221,4
126121,2011,100,16.24,69,1,210,321,7
158580,2011,192,15.38,56,2,210,322,98
38770,2011,100,34.42,45,1,100,221,6
81641,2011,210,43.65,32,2,210,322,4
206802,2011,210,26.28,15,2,100,221,4
108115,2011,210,37.61,31,2,100,311,2
72166,2011,210,17.52,55,2,100,322,1
236362,2011,250,33.64,64,2,400,221,6
23444,2011,250,38.93,93,2,350,311,99
214200,2011,210,25.39,42,1,210,110,3
170383,2011,210,14.44,60,1,210,221,1
142969,2011,250,16.31,77,1,210,110,99
144403,2011,210,18.64,54,1,100,212,98
107014,2011,210,19.49,40,1,100,322,3
57145,2011,192,31.85,47,2,100,311,3
109835,2011,100,18.53,92,2,210,212,99
119585,2011,210,35.44,51,1,210,110,7
163826,2011,100,30.48,60,2,210,321,8
46596,2011,100,35.13,32,1,210,322,1
145398,2011,210,13.2,57,2,210,221,99
188542,2011,100,57.92,36,1,100,321,6
198852,2011,100,33.33,67,2,210,212,4
184712,2011,192,26.19,57,1,210,311,98
105551,2011,100,19.1,95,2,210,321,99
92996,2011,223,46.83,43,2,210,221,98
223871,2011,210,54.09,48,1,100,400,99
99230,2011,210,20.89,85,1,350,400,99
47547,2011,210,14.8,58,1,210,322,3
222882,2011,210,24.39,57,1,350,221,2
154887,2011,100,15.83,67,1,210,221,4
61730,2011,192,16.84,54,1,400,322,2
163393,2011,210,51.68,45,2,350,322,4
103724,2011,210,17.9,59,1,350,110,99
167894,2011,100,37.11,63,2,350,321,5
96866,2011,100,15.41,67,1,210,321,6
191357,2011,192,15.94,46,2,350,400,4
115282,2011,210,36.06,81,1,100,400,99
101537,2011,210,13.31,51,2,210,212,4
144638,2011,210,19.54,34,2,350,400,4
223916,2011,100,41.11,18,1,100,321,4
119699,2011,210,36.28,53,1,350,212,99
73991,2011,100,20.16,54,2,210,400,99
235610,2011,210,19.25,72,2,210,999,99
33774,2011,100,21.28,56,1,350,322,1
228436,2011,100,17.6,70,1,210,322,6
121108,2011,210,34.89,32,2,100,221,99
224220,2011,210,38.72,50,1,210,110,7
93461,2011,210,35.83,60,2,100,400,3
118990,2011,223,24.2,35,1,350,311,5
217245,2011,210,39.84,28,1,210,221,99
103561,2011,100,31.25,75,1,210,321,7
79252,2011,100,16.12,33,2,210,322,98
78530,2011,100,16.09,39,2,210,321,2
122086,2011,210,24.73,42,1,350,221,99
113934,2011,210,23.56,40,1,350,400,6
10134,2011,192,15.53,79,1,210,322,3
137971,2011,100,23.73,88,1,100,311,99
171922,2011,210,29.87,39,2,210,999,3
196606,2011,100,35.15,76,1,210,321,1
10806,2011,100,15.27,67,2,210,221,98
99663,2011,223,27.55,46,2,350,321,7
149941,2011,100,20.08,98,1,400,212,99
181332,2011,223,39.28,58,2,350,311,3
91507,2011,192,13.31,52,2,210,321,4
101351,2011,210,38.05,45,1,210,110,8
131818,2011,100,37.39,54,2,210,311,6
102053,2011,210,20.93,26,2,210,322,98
218130,2011,210,16.79,48,1,400,400,1
188340,2011,210,20.07,53,2,210,999,8
102655,2011,223,32.6,71,2,100,321,9
189391,2011,999,36.77,67,1,350,321,99
68425,2011,100,27.45,42,2,210,400,3
160921,2011,210,40.59,50,2,210,400,5
220773,2011,192,16.24,51,2,100,322,5
85899,2011,250,18.96,48,1,210,999,4
195282,2011,100,29.31,41,2,210,321,4
117158,2011,192,21.28,59,1,350,321,5
158959,2011,210,37.2,64,2,100,221,5
81918,2011,210,40.41,59,1,100,321,8
134715,2011,100,21.23,50,1,400,322,1
127863,2011,210,53.45,31,2,350,221,2
171800,2011,210,18.52,78,1,210,321,1
139041,2011,210,19.33,32,2,350,221,8
140903,2011,210,25.51,28,1,210,311,5
55076,2011,210,22.82,40,1,210,400,8
189488,2011,210,36.96,61,1,350,321,99
4981,2011,210,19.43,43,1,350,311,1
106924,2011,210,43.97,52,2,350,999,9
113367,2011,192,34.19,65,1,100,322,1
161038,2011,210,38.87,39,1,350,311,2
232299,2011,210,16.08,63,1,210,999,99
73550,2011,210,14.89,35,2,210,311,5
158292,2011,100,32.52,54,2,350,321,1
225416,2011,210,20.66,45,1,350,221,9
230432,2011,210,47.87,64,1,400,212,6
208431,2011,100,13.71,43,2,210,321,98
97595,2011,100,21.66,60,1,210,212,6
172453,2011,100,26.63,31,2,100,400,7
154201,2011,210,18.65,52,1,210,212,4
108049,2011,210,37.27,34,1,210,221,4
69052,2011,210,15.4,70,2,210,221,99
199446,2011,100,36.11,71,1,210,221,6
166207,2011,210,16.89,49,2,350,221,4
5553,2011,192,33.39,74,2,400,221,99
235804,2011,100,36.11,50,2,100,321,99
166753,2011,250,65.5,16,2,100,321,4
221098,2011,210,46.38,28,1,100,400,98
91426,2011,192,20.57,46,1,210,212,1
160343,2011,223,20.91,36,2,350,322,5
70755,2011,100,15.74,70,2,100,400,99
205402,2011,210,15.16,45,2,100,311,1
111510,2011,210,52.53,22,1,100,221,2
105819,2011,100,14.73,61,2,210,221,3
127780,2011,250,29.49,25,1,100,221,9
165900,2011,210,34.95,70,2,400,212,99
68817,2011,210,16.66,31,1,210,321,5
96890,2011,210,39.82,35,2,350,322,3
147750,2011,210,20.64,29,2,350,400,2
166345,2011,210,27.46,48,2,400,221,4
173222,2011,210,15.82,33,2,210,321,5
187883,2011,210,39.92,49,1,210,212,9
214532,2011,192,16.45,50,1,100,322,3
113784,2011,210,19.29,35,2,400,311,99
158596,2011,210,21.92,46,2,210,321,1
233322,2011,100,22.03,55,2,210,221,4
144909,2011,100,18.32,56,2,400,322,9
40469,2011,210,22.29,46,1,350,221,9
55348,2011,210,15.45,57,1,210,999,8
35448,2011,210,35.71,41,1,100,400,98
149614,2011,100,14.69,55,1,210,321,5
211499,2011,100,32.11,38,2,210,321,98
79395,2011,210,22.28,44,1,350,311,3
90541,2011,210,14.46,52,2,350,212,4
225735,2011,100,37.14,55,1,350,400,4
42159,2011,210,40.98,55,2,100,321,2
44998,2011,210,20.35,38,1,350,321,7
78377,2011,100,45.86,41,2,400,322,99
232979,2011,192,31.81,69,2,210,321,98
127653,2011,210,35.71,96,2,400,400,99
176418,2011,210,14.93,23,1,100,212,9
37878,2011,192,21.22,90,2,100,322,99
133664,2011,999,10.86,21,2,100,110,3
205617,2011,100,16.82,49,1,100,311,2
189401,2011,210,34.55,32,1,100,212,8
140442,2011,223,43.14,37,1,100,321,8
209876,2011,210,37.22,30,2,100,321,6
130379,2011,192,11.77,18,1,100,321,2
21608,2011,999,16.41,59,2,350,221,9
197217,2011,192,21.19,46,2,210,999,7
203438,2011,210,43.0,31,1,210,400,4
149806,2011,192,24.81,21,1,100,311,8
227579,2011,210,32.4,38,2,100,321,7
82616,2011,210,30.25,36,1,210,311,3
19600,2011,100,22.59,71,1,210,322,99
190972,2011,100,36.59,87,2,400,311,99
189084,2011,210,25.14,32,1,100,212,99
189340,2011,192,35.67,56,1,350,321,4
226013,2011,210,48.36,51,2,350,400,2
218697,2011,100,23.8,51,2,400,311,2
79980,2011,100,19.8,73,1,350,400,99
191014,2011,210,17.73,34,1,210,311,9
79758,2011,210,22.64,50,1,100,999,5
14861,2011,210,29.37,39,1,400,321,8
91785,2011,210,24.39,40,2,100,110,99
223571,2011,100,18.03,60,2,400,321,1
231361,2011,100,34.69,82,2,350,221,99
56261,2011,250,48.92,18,2,100,221,99
185495,2011,999,45.35,33,1,100,110,4
119557,2011,192,51.56,35,1,220,321,99
147314,2011,210,47.0,33,1,350,321,5
36099,2011,210,39.71,56,1,350,322,9
13992,2011,100,29.29,63,2,210,322,6
187092,2011,210,34.66,68,1,400,321,99
16467,2011,210,19.14,33,2,100,400,2
97078,2011,210,50.32,46,1,350,212,4
170757,2011,210,17.46,40,1,210,311,98
165858,2011,100,63.0,48,1,210,999,2
233799,2011,100,19.98,46,1,210,999,1
232187,2011,100,12.06,48,2,210,322,1
124962,2011,210,19.22,86,1,400,221,99
154409,2011,210,40.82,40,1,350,400,1
173553,2011,192,33.89,58,2,100,311,3
129153,2011,999,14.29,42,2,100,311,4
10466,2011,100,54.89,52,1,400,322,5
11451,2011,100,21.09,89,2,400,221,99
59729,2011,210,20.4,86,2,100,322,99
202056,2011,210,38.97,35,1,100,311,8
120059,2011,210,17.23,44,1,100,400,99
104476,2011,100,43.89,19,1,100,321,5
120125,2011,210,35.59,36,2,100,322,1
80437,2011,100,33.3,68,2,400,321,99
237016,2011,210,38.23,28,1,100,322,4
32667,2011,192,15.16,47,2,100,400,98
205072,2011,223,57.39,44,1,400,322,98
41828,2011,100,21.28,55,1,350,322,7
191283,2011,100,14.51,62,1,210,322,1
148185,2011,210,32.08,40,2,100,221,3
70837,2011,210,31.33,20,1,100,311,8
220770,2011,100,14.16,45,1,210,322,6
210736,2011,210,35.47,74,1,350,321,99
229795,2011,100,19.55,46,1,350,321,8
236106,2011,223,28.94,36,2,210,322,1
39325,2011,210,26.9,31,1,100,221,2
57909,2011,210,34.77,36,2,100,321,3
9829,2011,210,46.38,29,1,100,400,2
236071,2011,223,21.73,55,1,210,221,9
233336,2011,100,18.3,26,2,210,311,9
227810,2011,100,16.86,62,2,400,221,2
167221,2011,210,15.54,37,2,210,311,1
171347,2011,100,26.55,44,1,100,321,7
202074,2011,192,13.48,45,1,210,322,7
81238,2011,210,16.2,48,1,100,999,99
56603,2011,192,40.77,36,2,350,311,5
218440,2011,210,17.52,57,2,100,322,1
54010,2011,999,47.25,56,1,400,321,9
83926,2011,210,31.05,47,2,400,311,2
184408,2011,223,14.61,57,1,210,999,3
227271,2011,210,37.15,58,2,100,321,5
121116,2011,210,36.84,33,1,210,322,9
77955,2011,210,33.19,21,2,100,221,99
125325,2011,210,18.82,70,2,210,321,99
160929,2011,210,40.79,48,1,100,212,99
184020,2011,210,19.56,29,2,100,321,99
71286,2011,100,20.2,54,1,210,311,8
76930,2011,210,19.57,55,1,100,311,7
92665,2011,192,17.41,76,1,210,311,3
160624,2011,210,31.51,35,2,210,321,3
83417,2011,210,15.12,61,2,210,400,9
154260,2011,210,47.47,46,2,350,212,3
115388,2011,210,21.91,32,1,210,311,3
146657,2011,210,40.96,55,2,100,400,1
209621,2011,210,21.81,58,1,350,311,7
10768,2011,210,64.18,22,2,210,221,6
151229,2011,223,35.32,28,1,210,321,98
149948,2011,210,43.48,34,1,100,221,3
211494,2011,100,19.67,47,2,210,212,5
140180,2011,210,23.53,41,1,350,212,3
178635,2011,210,17.04,47,2,100,221,3
109529,2011,192,31.22,61,2,210,311,9
114065,2011,192,48.21,38,2,350,322,2
81505,2011,100,24.7,51,2,210,322,3
190570,2011,100,40.75,56,2,210,212,8
209256,2011,100,15.41,66,1,210,321,6
137285,2011,100,16.52,52,1,100,322,8
124184,2011,210,50.77,34,1,210,400,1
40311,2011,100,31.02,65,1,210,311,9
110060,2011,210,36.54,69,1,400,212,99
55270,2011,100,16.74,75,2,210,999,99
105042,2011,210,60.52,38,2,210,999,2
11283,2011,100,15.95,74,1,210,400,7
228467,2011,210,19.33,30,2,350,321,7
132307,2011,100,33.63,70,2,100,322,99
109259,2011,192,16.2,75,1,350,400,99
32603,2011,100,26.75,57,1,210,400,2
225930,2011,210,18.33,58,2,350,321,4
86797,2011,100,15.43,29,2,210,400,5
113031,2011,210,17.91,41,1,100,311,1
42079,2011,192,22.0,54,1,220,322,4
140819,2011,100,39.32,58,2,400,322,1
219050,2011,210,17.1,29,2,100,322,1
91214,2011,210,15.33,29,2,210,321,0
112617,2011,210,37.42,34,1,210,321,99
165116,2011,210,51.21,59,1,100,212,99
155425,2011,100,29.17,61,1,210,110,98
169228,2011,210,18.46,53,2,100,321,1
48335,2011,210,29.43,30,2,210,322,7
163030,2011,210,40.9,43,2,350,311,2
141033,2011,250,30.99,49,1,350,311,7
224949,2011,210,18.27,60,2,210,322,99
106183,2011,100,29.47,28,2,210,321,98
3395,2011,100,19.28,69,1,400,321,4
121051,2011,210,21.12,59,2,210,311,4
168972,2011,210,16.34,65,1,210,221,99
94214,2011,210,30.87,37,2,400,321,9
23847,2011,210,52.78,46,1,100,110,98
76935,2011,210,9.8,19,1,210,321,7
135923,2011,210,12.55,19,2,210,321,98
169352,2011,210,12.06,47,2,210,321,9
234150,2011,100,49.5,42,1,400,321,3
197350,2011,100,18.12,40,1,210,321,0
156930,2011,210,22.18,21,1,100,110,5
210074,2011,210,28.37,37,1,100,321,99
189819,2011,999,19.27,61,1,400,212,99
85384,2011,210,21.36,40,2,210,212,5
21156,2011,210,16.7,44,2,100,322,8
80498,2011,192,33.15,59,2,400,321,3
64929,2011,100,34.1,47,2,210,322,6
171009,2011,192,33.8,75,1,400,999,99
103618,2011,100,32.89,64,1,210,321,2
119442,2011,210,52.37,64,1,100,311,2
95001,2011,250,41.04,59,1,100,212,8
168469,2011,192,42.59,54,1,220,321,1
147723,2011,210,65.3,23,1,210,999,7
203430,2011,210,20.09,52,1,100,212,7
192341,2011,210,17.04,36,2,100,311,4
213058,2011,210,18.79,35,2,100,999,98
198453,2011,210,27.13,43,1,100,999,5
169372,2011,210,23.21,39,1,100,322,99
144176,2011,192,33.62,84,1,400,321,2
181480,2011,100,18.2,90,2,100,212,99
205057,2011,192,29.96,55,2,210,400,5
171528,2011,100,40.29,39,1,100,321,2
91979,2011,210,35.47,40,2,210,311,8
45596,2011,192,43.47,37,1,350,110,9
225464,2011,210,29.74,71,2,210,321,5
142132,2011,210,19.19,89,2,350,212,99
53344,2011,210,32.87,66,1,400,321,99
67890,2011,210,39.78,70,1,350,400,99
41962,2011,250,19.36,59,2,350,400,9
50538,2011,210,35.25,18,1,100,999,99
177846,2011,192,35.28,80,2,210,400,99
106014,2011,210,39.93,52,2,210,999,99
128262,2011,210,23.5,40,1,210,999,7
199048,2011,210,32.86,46,1,100,321,99
215000,2011,192,19.06,54,1,210,311,1
47589,2011,210,36.99,73,2,100,400,2
194496,2011,192,35.59,37,2,100,221,7
205487,2011,100,26.9,42,2,210,322,7
107039,2011,100,13.76,56,1,210,322,1
73957,2011,250,35.14,17,2,100,221,2
166034,2011,192,70.19,53,2,210,212,98
188098,2011,210,16.37,68,2,350,311,2
169762,2011,210,20.55,38,2,210,322,9
61761,2011,210,36.22,65,1,100,321,99
228884,2011,100,17.39,20,2,100,321,9
30871,2011,210,33.75,33,2,210,999,3
227609,2011,210,39.43,19,2,100,311,98
194224,2011,999,16.74,79,2,210,212,99
217913,2011,100,29.14,37,1,210,321,0
236166,2011,100,33.64,63,2,400,311,99
211168,2011,210,63.52,21,1,210,110,99
201747,2011,210,32.6,34,2,100,221,9
68088,2011,100,52.32,25,2,100,400,2
87021,2011,210,19.91,32,2,210,400,8
204345,2011,210,18.05,82,1,210,321,5
104683,2011,210,19.65,56,2,350,311,9
160550,2011,210,24.81,23,1,100,400,5
149251,2011,100,19.4,75,1,400,212,99
155672,2011,100,54.68,41,1,100,212,8
84957,2011,100,36.89,33,2,210,321,7
161177,2011,100,33.19,61,2,210,221,4
82367,2011,192,14.84,40,1,210,311,7
152443,2011,210,25.35,56,1,350,212,5
100672,2011,210,39.89,26,2,210,311,99
155488,2011,100,29.14,46,2,210,221,6
195589,2011,100,20.95,57,2,210,321,5
22386,2011,100,32.73,68,1,210,321,6
46316,2011,210,37.4,41,1,350,322,5
72776,2011,100,53.58,50,1,100,311,4
127986,2011,210,22.43,44,1,350,999,99
188077,2011,210,29.46,31,2,350,400,1
34568,2011,210,43.14,35,1,100,311,2
175776,2011,210,29.42,32,2,400,212,99
222681,2011,223,25.58,31,1,210,110,9
85370,2011,210,44.96,32,2,350,311,99
199669,2011,223,22.28,38,1,350,321,5
149349,2011,210,30.18,53,2,350,322,99
40372,2011,210,23.09,37,1,100,311,5
117375,2011,210,15.09,49,2,100,321,3
56197,2011,210,21.19,37,1,350,322,5
211583,2011,210,15.59,54,2,350,212,4
58267,2011,100,13.48,49,1,210,322,4
151676,2011,100,38.29,53,1,210,322,3
116683,2011,210,44.5,53,2,210,400,7
119994,2011,100,40.22,36,2,100,321,99
211942,2011,100,17.09,42,2,100,221,98
217720,2011,210,61.04,59,2,350,221,5
71524,2011,210,50.38,52,1,210,321,8
154311,2011,210,37.15,65,1,100,400,99
187689,2011,210,31.09,34,2,350,221,8
12243,2011,192,37.01,73,1,400,321,3
157042,2011,210,19.64,17,1,100,221,1
208717,2011,210,20.57,36,1,100,322,5
93864,2011,210,46.21,63,1,210,322,6
236125,2011,210,17.75,83,2,350,221,99
142306,2011,100,35.01,56,1,100,322,98
71774,2011,210,19.66,70,1,100,999,99
226688,2011,100,37.46,46,1,220,322,3
217593,2011,210,15.81,37,2,100,321,8
62465,2011,100,16.31,55,2,400,322,5
166101,2011,210,15.12,63,2,210,321,8
58024,2011,210,44.3,44,1,210,321,9
57111,2011,100,38.74,58,2,400,221,3
175088,2011,100,28.97,35,2,210,321,99
86374,2011,210,18.19,57,2,100,322,3
87251,2011,210,17.29,86,2,100,999,99
107634,2011,100,39.97,56,1,100,322,9
166176,2011,192,12.97,54,1,210,221,9
164647,2011,192,29.96,56,2,210,221,98
167763,2011,100,43.69,38,2,350,400,98
217420,2011,100,17.92,82,1,350,221,99
213594,2011,210,19.27,64,1,350,321,4
93430,2011,210,15.78,38,2,100,400,1
183110,2011,210,18.2,35,2,100,321,7
174446,2011,210,33.47,72,2,210,311,2
141012,2011,210,19.61,56,1,350,999,3
100114,2011,210,19.47,62,1,100,322,3
38802,2011,100,16.81,51,1,100,311,4
188550,2011,210,36.92,38,2,210,400,3
20014,2011,250,37.91,59,2,220,322,1
140075,2011,210,17.43,46,2,350,110,99
31218,2011,210,18.76,49,1,350,221,2
87888,2011,210,24.67,32,1,100,221,1
226198,2011,192,17.61,19,2,100,321,2
198087,2011,210,46.82,36,2,350,212,99
58790,2011,100,32.63,47,1,100,322,98
91318,2011,100,66.46,74,1,100,400,99
43756,2011,210,52.34,26,1,210,311,99
120634,2011,210,20.88,60,1,210,400,4
201445,2011,210,35.1,37,1,100,212,4
131150,2011,210,16.7,36,2,210,999,98
234268,2011,100,32.73,68,1,210,321,4
187323,2011,210,20.78,44,2,350,221,8
70639,2011,192,14.48,59,2,210,221,5
161190,2011,100,31.96,29,2,210,321,6
173273,2011,210,32.09,65,2,210,212,5
116154,2011,210,18.13,33,1,100,999,99
213256,2011,192,12.74,54,2,210,311,7
58050,2011,192,14.77,42,2,100,321,4
103888,2011,210,42.92,44,2,100,212,98
109729,2011,250,28.89,30,1,100,311,6
176352,2011,210,17.78,65,1,350,322,99
67134,2011,210,34.09,61,2,400,212,98
186219,2011,100,13.51,52,2,210,311,6
124761,2011,210,58.42,53,1,100,400,8
218362,2011,210,16.12,34,2,210,321,99
177209,2011,999,42.01,34,2,350,212,99
62214,2011,210,45.24,56,2,350,212,9
145525,2011,999,16.11,56,2,350,999,98
116898,2011,210,16.53,45,1,100,400,3
82888,2011,100,15.27,67,2,210,221,99
191192,2011,210,45.35,32,1,100,311,2
36621,2011,210,21.29,28,1,100,400,2
43082,2011,210,34.88,35,1,100,221,2
126292,2011,210,41.53,53,1,210,999,5
21121,2011,210,16.67,69,2,210,400,1
46584,2011,100,18.7,71,1,100,321,7
189748,2011,210,36.25,30,1,350,400,2
165625,2011,210,25.0,61,2,400,212,5
227192,2011,210,41.99,40,1,100,400,9
45556,2011,210,18.2,92,2,100,212,99
27063,2011,210,32.65,79,1,400,999,99
120620,2011,210,17.22,52,1,100,221,99
213545,2011,210,44.3,33,1,100,212,3
103612,2011,210,18.35,68,1,350,321,1
42192,2011,210,24.31,36,1,100,400,2
228811,2011,210,34.03,63,2,210,110,9
168435,2011,210,19.09,40,2,210,999,99
91779,2011,100,45.97,38,2,100,110,99
124036,2011,210,36.04,57,2,100,212,8
135751,2011,210,20.48,23,2,210,321,8
35366,2011,210,29.47,26,2,210,321,4
187467,2011,210,28.51,22,2,100,321,6
112897,2011,250,15.59,15,2,100,221,9
101400,2011,192,22.53,62,1,210,322,4
116778,2011,100,39.29,33,1,100,110,6
197564,2011,210,47.7,28,2,100,999,7
166581,2011,210,27.05,56,1,210,311,5
229623,2011,210,42.7,29,2,350,321,2
181679,2011,250,39.82,63,1,400,221,6
142604,2011,210,15.12,31,2,210,322,3
52236,2011,210,25.79,41,1,210,212,99
25405,2011,210,28.35,63,1,100,221,4
112687,2011,100,34.31,60,2,350,221,5
123971,2011,210,16.67,68,2,210,311,2
222884,2011,250,42.56,38,1,100,311,7
172239,2011,210,37.61,29,2,100,110,8
41529,2011,210,24.45,55,1,100,999,9
159021,2011,100,42.44,43,1,210,321,7
20051,2011,210,17.22,43,2,400,311,3
103537,2011,210,14.4,52,2,350,322,7
118491,2011,210,15.31,36,1,210,321,98
80136,2011,210,39.96,31,2,210,400,9
39330,2011,192,26.15,66,2,400,321,98
236115,2011,999,37.15,55,2,100,221,99
16164,2011,210,18.96,64,1,350,311,7
188151,2011,100,29.64,42,2,400,321,4
55273,2011,210,23.85,30,1,100,110,5
153623,2011,210,20.39,64,1,100,221,98
157783,2011,210,15.84,36,1,210,321,0
123864,2011,100,32.61,51,1,100,322,6
104095,2011,210,20.09,32,2,210,221,98
121298,2011,210,37.77,56,1,350,400,99
127383,2011,210,43.82,55,1,100,322,1
177866,2011,210,22.19,25,1,210,321,8
236993,2011,210,39.01,46,1,100,311,8
178091,2011,210,46.83,38,1,220,322,1
92991,2011,210,43.35,52,2,400,400,3
92962,2011,210,25.19,53,1,210,321,99
77292,2011,210,18.82,34,1,100,321,4
112743,2011,210,20.36,31,1,350,322,7
203358,2011,210,19.2,46,1,100,311,6
232761,2011,100,35.77,18,1,100,221,7
201435,2011,192,15.6,68,2,400,221,99
149699,2011,210,20.33,38,2,210,311,5
139103,2011,210,34.38,52,2,350,999,99
26036,2011,210,35.34,55,2,100,221,98
184620,2011,100,28.76,46,2,210,321,98
167719,2011,210,61.95,26,1,100,999,9
182038,2011,210,56.77,54,1,350,221,99
137849,2011,210,45.96,53,1,350,311,5
142298,2011,210,39.84,22,1,210,321,2
72380,2011,210,21.65,34,1,100,400,2
120894,2011,210,32.47,75,2,400,221,99
21198,2011,210,27.3,23,2,210,212,5
190557,2011,210,17.99,55,1,100,321,98
160174,2011,192,34.31,64,2,210,322,99
114168,2011,999,37.92,54,2,210,999,99
201315,2011,210,19.52,41,1,100,311,7
176180,2011,210,19.27,53,2,100,212,8
45900,2011,210,16.86,61,2,350,221,98
103766,2011,210,16.19,67,2,210,221,9
9468,2011,210,33.64,62,2,350,311,1
130360,2011,210,19.22,88,1,400,322,99
208594,2011,100,28.37,74,2,210,311,1
149400,2011,100,31.02,67,1,210,322,7
162311,2011,250,26.9,30,2,100,322,7
218999,2011,210,32.13,52,2,100,311,98
121660,2011,210,26.74,43,2,400,212,5
100329,2011,210,43.5,53,1,210,221,5
224558,2011,210,25.58,39,2,210,400,98
221185,2011,210,52.54,49,1,210,221,1
79103,2011,999,47.2,53,1,210,999,98
11980,2011,210,17.33,40,2,400,110,5
152130,2011,100,12.64,54,1,210,321,3
208226,2011,210,26.8,36,1,100,110,1
146069,2011,192,34.41,48,2,350,322,1
156064,2011,100,16.83,84,1,350,322,99
124940,2011,210,23.44,61,1,210,110,99
135739,2011,210,17.41,78,1,210,321,2
134137,2011,100,19.65,58,2,350,321,99
139762,2011,100,27.95,55,2,210,321,1
195826,2011,210,29.02,44,1,100,221,99
88739,2011,210,16.41,55,2,400,322,2
124480,2011,210,40.06,52,1,350,311,5
91163,2011,210,33.31,53,1,100,322,99
114430,2011,210,38.61,51,1,100,321,3
206127,2011,100,26.74,66,1,210,400,98
66546,2011,100,17.7,59,2,100,212,99
92723,2011,210,15.47,37,1,210,321,6
172564,2011,210,35.81,34,2,350,321,9
6610,2011,210,44.65,25,2,100,321,3
121022,2011,100,18.52,46,2,210,311,6
211689,2011,192,20.31,68,1,100,321,99
72750,2011,210,27.55,45,2,400,321,1
64202,2011,100,30.24,51,2,210,311,6
193218,2011,250,17.39,15,1,100,212,5
156482,2011,210,24.97,42,1,100,321,8
111449,2011,100,16.26,36,1,210,322,6
101056,2011,100,40.4,59,1,210,322,2
170280,2011,210,57.42,25,2,350,321,5
142431,2011,250,32.27,75,2,400,322,2
123056,2011,210,28.51,24,2,100,321,99
189703,2011,223,36.58,84,2,350,322,99
195703,2011,100,34.31,62,2,210,221,1
52315,2011,210,20.4,43,2,350,999,9
102100,2011,210,42.01,56,1,210,212,9
237472,2011,210,36.33,50,1,210,212,3
149857,2011,210,25.82,48,1,350,999,3
182940,2011,210,45.14,48,2,350,212,99
107334,2011,210,35.1,35,1,100,322,4
160144,2011,210,15.59,42,2,100,321,2
151310,2011,100,38.37,46,1,350,322,3
200907,2011,210,43.42,44,1,350,321,4
213296,2011,999,20.44,49,1,210,999,98
191702,2011,210,15.16,47,2,100,110,98
94705,2011,210,32.47,34,2,100,322,99
180965,2011,100,40.56,59,1,400,322,2
25832,2011,210,32.13,29,1,220,221,5
85483,2011,210,14.03,23,2,100,322,4
85940,2011,192,42.58,60,1,100,221,8
170805,2011,100,14.91,46,2,100,321,7
200671,2011,210,19.63,87,1,210,221,99
150802,2011,210,34.17,49,2,210,221,8
121460,2011,210,24.83,59,2,210,321,99
36046,2011,210,21.47,43,1,100,221,4
190223,2011,100,14.44,58,2,210,311,6
138293,2011,210,31.46,64,1,210,321,99
168341,2011,210,16.48,28,2,100,311,8
159510,2011,210,33.19,36,2,100,221,98
207833,2011,100,63.28,46,1,400,321,9
214933,2011,210,15.41,25,1,210,311,5
136420,2011,210,25.5,29,1,100,400,3
57058,2011,192,26.76,42,1,210,110,5
113702,2011,210,35.67,65,1,400,110,99
129556,2011,210,22.05,43,1,350,110,98
184018,2011,100,17.68,30,1,210,322,5
90077,2011,192,17.77,37,2,350,400,2
38323,2011,210,32.5,65,2,100,321,4
175148,2011,100,54.39,52,1,400,322,4
1338,2011,210,19.62,45,2,400,212,3
107705,2011,210,19.12,57,1,350,212,98
175331,2011,250,17.56,17,2,100,212,3
55642,2011,100,30.35,61,1,210,400,2
182509,2011,210,103.91,60,1,210,311,8
110511,2011,210,17.41,64,2,100,221,9
223573,2011,210,38.96,27,2,100,322,8
189047,2011,210,25.77,38,2,100,212,5
150232,2011,192,19.4,58,2,100,400,1
189032,2011,210,16.7,69,1,350,999,7
181305,2011,210,36.53,63,2,100,221,9
100208,2011,100,40.85,19,1,100,110,7
82036,2011,210,35.55,42,2,100,400,5
218050,2011,192,55.83,51,2,210,212,5
140486,2011,210,16.82,58,1,210,999,98
235596,2011,210,39.38,54,2,210,321,1
165385,2011,999,34.69,81,2,400,221,99
61629,2011,192,17.38,75,1,210,321,8
157143,2011,210,51.73,31,2,210,221,98
186712,2011,210,17.42,90,2,100,321,99
214978,2011,210,14.78,43,2,350,221,4
169667,2011,100,19.14,82,1,350,400,2
149208,2011,100,17.87,58,1,350,311,4
84214,2011,210,46.38,29,1,100,311,8
196338,2011,210,40.3,41,2,350,400,3
211732,2011,100,29.29,60,2,210,321,99
187359,2011,210,37.15,66,1,100,322,5
179139,2011,100,19.85,41,2,100,999,99
130567,2011,210,31.11,64,1,210,322,5
224077,2011,210,21.0,55,1,100,321,5
61241,2011,210,42.13,25,2,210,999,5
118032,2011,210,32.6,74,2,100,110,99
154039,2011,100,16.19,68,1,210,322,1
204449,2011,223,48.71,23,1,100,321,2
30570,2011,100,87.19,24,1,100,212,6
139229,2011,210,33.76,52,2,400,321,2
29006,2011,192,24.92,61,1,100,400,4
233613,2011,250,29.1,21,1,100,311,98
127852,2011,210,18.08,98,2,400,311,99
39041,2011,210,25.48,40,1,210,999,6
97495,2011,210,44.8,34,2,210,221,5
48433,2011,210,14.86,41,2,350,321,2
234261,2011,210,35.19,32,1,100,999,98
188155,2011,100,30.93,65,1,210,321,99
127394,2011,100,28.81,25,1,100,321,6
237608,2011,210,11.36,45,1,210,400,99
115803,2011,210,33.64,64,2,350,400,5
75124,2011,210,27.58,43,2,210,212,99
178485,2011,100,15.74,71,2,210,321,2
122897,2011,210,70.8,32,1,100,110,1
208782,2011,250,33.61,55,2,350,311,98
96752,2011,210,32.37,71,2,350,322,2
109363,2011,210,26.93,37,1,350,322,2
53057,2011,210,24.36,67,1,210,321,9
99706,2011,210,22.79,51,1,220,321,3
221223,2011,100,37.92,42,1,350,321,1
62590,2011,210,23.14,46,2,350,321,4
123707,2011,210,18.0,36,2,100,321,4
207693,2011,100,19.72,50,2,350,321,9
213894,2011,192,15.62,62,2,210,311,3
100255,2011,210,18.66,48,2,400,212,9
230438,2011,192,31.68,48,2,400,321,4
192920,2011,210,33.5,25,1,210,321,99
53800,2011,100,14.44,59,2,210,321,1
131436,2011,210,32.86,46,1,100,221,99
128416,2011,210,19.1,86,2,210,321,5
57486,2011,100,41.97,50,1,210,322,9
119689,2011,210,16.24,54,2,100,400,99
219524,2011,100,15.41,65,1,210,212,7
81777,2011,210,37.2,90,1,210,321,99
97773,2011,100,17.55,49,2,100,322,1
154167,2011,210,26.43,36,2,210,999,5
201492,2011,100,15.38,59,2,210,400,98
158845,2011,100,15.3,50,2,100,322,7
130678,2011,100,21.38,64,1,210,311,3
36927,2011,100,32.43,79,1,350,400,1
205440,2011,210,16.2,77,1,400,322,5
40346,2011,999,33.37,39,2,100,999,98
37568,2011,210,30.14,37,2,100,999,5
116466,2011,192,17.28,54,2,350,321,5
48197,2011,210,16.34,68,2,210,221,5
211563,2011,210,24.84,59,1,400,999,8
