Unnamed: 0,country,year,persons,hhwt,gq,regionw,ownershipd
193995,756,2011,1,18.43,10,44,210
149014,756,2011,1,7.13,10,44,192
186610,756,2011,1,7.84,10,44,250
113268,756,2011,1,34.47,10,44,210
236094,756,2011,1,31.73,10,44,100
101531,756,2011,1,40.18,10,44,223
218989,756,2011,1,35.35,10,44,100
127439,756,2011,1,32.37,10,44,192
110765,756,2011,1,36.62,10,44,210
109511,756,2011,1,9.58,10,44,250
104841,756,2011,1,31.9,10,44,192
59912,756,2011,1,10.51,10,44,250
140480,756,2011,1,9.39,10,44,250
229756,756,2011,1,7.24,10,44,192
120990,756,2011,1,8.26,10,44,100
100165,756,2011,1,22.92,10,44,100
155434,756,2011,1,20.11,10,44,192
114466,756,2011,1,13.13,10,44,250
173425,756,2011,1,19.63,10,44,192
138979,756,2011,1,12.97,10,44,250
126629,756,2011,1,21.01,10,44,192
146455,756,2011,1,10.87,10,44,210
231835,756,2011,1,26.13,10,44,210
200909,756,2011,1,35.66,10,44,100
22163,756,2011,1,22.12,10,44,100
95812,756,2011,1,15.52,10,44,100
110619,756,2011,1,25.71,10,44,223
73929,756,2011,1,12.17,10,44,210
168777,756,2011,1,34.9,10,44,100
132883,756,2011,1,25.9,10,44,210
55822,756,2011,1,5.58,10,44,100
156144,756,2011,1,13.47,10,44,210
203513,756,2011,1,11.35,10,44,210
59580,756,2011,1,36.84,10,44,999
181385,756,2011,1,45.39,10,44,210
213418,756,2011,1,9.37,10,44,192
237871,756,2011,1,46.7,10,44,210
175802,756,2011,1,5.7,10,44,100
2485,756,2011,1,3.9,10,44,223
86658,756,2011,1,23.01,10,44,192
80919,756,2011,1,21.71,10,44,210
160992,756,2011,1,7.33,10,44,192
230860,756,2011,1,17.34,10,44,250
66944,756,2011,1,20.93,10,44,250
87040,756,2011,1,36.18,10,44,223
199147,756,2011,1,15.21,10,44,100
159901,756,2011,1,17.28,10,44,999
106857,756,2011,1,63.03,10,44,210
73160,756,2011,1,5.55,10,44,250
68547,756,2011,1,32.36,10,44,999
224423,756,2011,1,11.63,10,44,100
236879,756,2011,1,8.55,10,44,192
41128,756,2011,1,5.83,10,44,999
12136,756,2011,1,17.67,10,44,999
69377,756,2011,1,19.89,10,44,210
12735,756,2011,1,34.55,10,44,999
212863,756,2011,1,26.46,10,44,250
126625,756,2011,1,20.41,10,44,100
150523,756,2011,1,9.95,10,44,223
17030,756,2011,1,22.76,10,44,250
213191,756,2011,1,11.4,10,44,192
46766,756,2011,1,32.05,10,44,192
234022,756,2011,1,14.61,10,44,223
219761,756,2011,1,8.53,10,44,223
120103,756,2011,1,8.21,10,44,223
127878,756,2011,1,38.2,10,44,100
65377,756,2011,1,36.98,10,44,100
208912,756,2011,1,10.33,10,44,250
211592,756,2011,1,37.89,10,44,223
60351,756,2011,1,31.38,10,44,100
103396,756,2011,1,10.64,10,44,192
101065,756,2011,1,43.81,10,44,210
213683,756,2011,1,14.02,10,44,192
206516,756,2011,1,10.03,10,44,999
77957,756,2011,1,31.94,10,44,210
152549,756,2011,1,27.6,10,44,999
154509,756,2011,1,10.78,10,44,192
135818,756,2011,1,24.16,10,44,210
106521,756,2011,1,3.81,10,44,250
119527,756,2011,1,5.86,10,44,100
171944,756,2011,1,13.94,10,44,100
89994,756,2011,1,33.31,10,44,100
113984,756,2011,1,17.29,10,44,192
138702,756,2011,1,5.45,10,44,250
215392,756,2011,1,22.37,10,44,192
106716,756,2011,1,28.49,10,44,192
99505,756,2011,1,9.84,10,44,100
228336,756,2011,1,21.27,10,44,223
111918,756,2011,1,9.88,10,44,250
122829,756,2011,1,25.52,10,44,192
126435,756,2011,1,9.26,10,44,999
60741,756,2011,1,18.86,10,44,250
206444,756,2011,1,12.64,10,44,250
205443,756,2011,1,3.94,10,44,210
169183,756,2011,1,9.78,10,44,210
140947,756,2011,1,46.04,10,44,210
95731,756,2011,1,23.7,10,44,999
136267,756,2011,1,19.64,10,44,192
122686,756,2011,1,16.71,10,44,192
55079,756,2011,1,13.24,10,44,223
237771,756,2011,1,15.61,10,44,192
163939,756,2011,1,18.87,10,44,210
167132,756,2011,1,47.5,10,44,210
35784,756,2011,1,18.54,10,44,100
109783,756,2011,1,14.11,10,44,210
76342,756,2011,1,4.62,10,44,192
116151,756,2011,1,26.5,10,44,100
80668,756,2011,1,18.02,10,44,210
32556,756,2011,1,17.99,10,44,210
71878,756,2011,1,10.18,10,44,100
163539,756,2011,1,16.84,10,44,210
199439,756,2011,1,15.17,10,44,192
226807,756,2011,1,20.21,10,44,223
116546,756,2011,1,25.56,10,44,210
114678,756,2011,1,34.08,10,44,999
49237,756,2011,1,20.18,10,44,100
139297,756,2011,1,4.24,10,44,192
200842,756,2011,1,35.43,10,44,210
147947,756,2011,1,35.08,10,44,100
219744,756,2011,1,16.06,10,44,250
33935,756,2011,1,21.13,10,44,210
103026,756,2011,1,42.63,10,44,210
181965,756,2011,1,11.08,10,44,250
190958,756,2011,1,21.04,10,44,210
128538,756,2011,1,29.38,10,44,210
30411,756,2011,1,34.11,10,44,100
23025,756,2011,1,38.66,10,44,192
219488,756,2011,1,7.42,10,44,250
184924,756,2011,1,46.8,10,44,210
159106,756,2011,1,8.25,10,44,250
114544,756,2011,1,14.21,10,44,192
87744,756,2011,1,7.73,10,44,999
186773,756,2011,1,16.91,10,44,210
162688,756,2011,1,34.08,10,44,192
128483,756,2011,1,16.46,10,44,250
232956,756,2011,1,4.48,10,44,192
72505,756,2011,1,5.88,10,44,999
123482,756,2011,1,29.87,10,44,210
105797,756,2011,1,16.64,10,44,250
120330,756,2011,1,20.98,10,44,192
54292,756,2011,1,15.02,10,44,223
57684,756,2011,1,4.88,10,44,210
31153,756,2011,1,34.81,10,44,999
87560,756,2011,1,15.09,10,44,100
102924,756,2011,1,3.63,10,44,100
66086,756,2011,1,8.98,10,44,250
128451,756,2011,1,9.08,10,44,999
233136,756,2011,1,6.09,10,44,192
163506,756,2011,1,10.54,10,44,223
188946,756,2011,1,35.01,10,44,210
146044,756,2011,1,21.34,10,44,210
78019,756,2011,1,43.34,10,44,210
125970,756,2011,1,10.43,10,44,223
223578,756,2011,1,18.88,10,44,210
99401,756,2011,1,32.55,10,44,192
63092,756,2011,1,24.01,10,44,223
146982,756,2011,1,39.86,10,44,210
92203,756,2011,1,12.3,10,44,100
179935,756,2011,1,15.98,10,44,223
123492,756,2011,1,7.73,10,44,100
83384,756,2011,1,36.68,10,44,100
162363,756,2011,1,23.57,10,44,210
150687,756,2011,1,4.17,10,44,192
210672,756,2011,1,4.72,10,44,192
144804,756,2011,1,20.89,10,44,210
171296,756,2011,1,21.55,10,44,100
218159,756,2011,1,53.2,10,44,210
186945,756,2011,1,9.84,10,44,192
218774,756,2011,1,29.01,10,44,192
201738,756,2011,1,16.67,10,44,250
115887,756,2011,1,22.9,10,44,100
24634,756,2011,1,5.07,10,44,192
50534,756,2011,1,36.56,10,44,999
109824,756,2011,1,52.23,10,44,210
49281,756,2011,1,8.8,10,44,210
218817,756,2011,1,17.24,10,44,999
147185,756,2011,1,26.02,10,44,223
72004,756,2011,1,16.17,10,44,192
203338,756,2011,1,17.58,10,44,100
47609,756,2011,1,38.69,10,44,210
181794,756,2011,1,19.36,10,44,223
160692,756,2011,1,22.15,10,44,100
164236,756,2011,1,19.84,10,44,250
93356,756,2011,1,18.15,10,44,210
69235,756,2011,1,19.86,10,44,192
92901,756,2011,1,36.58,10,44,210
213754,756,2011,1,18.88,10,44,192
98710,756,2011,1,31.88,10,44,210
75541,756,2011,1,33.36,10,44,223
59353,756,2011,1,32.86,10,44,210
90179,756,2011,1,16.23,10,44,210
75922,756,2011,1,22.65,10,44,223
71913,756,2011,1,16.35,10,44,210
4460,756,2011,1,9.23,10,44,210
196462,756,2011,1,31.38,10,44,192
228640,756,2011,1,14.3,10,44,210
179834,756,2011,1,32.04,10,44,192
151336,756,2011,1,7.85,10,44,100
114635,756,2011,1,12.62,10,44,999
75422,756,2011,1,19.19,10,44,192
86571,756,2011,1,4.72,10,44,999
179591,756,2011,1,9.13,10,44,250
76560,756,2011,1,63.19,10,44,223
83507,756,2011,1,29.45,10,44,210
135650,756,2011,1,17.26,10,44,100
178671,756,2011,1,37.78,10,44,210
66530,756,2011,1,19.8,10,44,210
230718,756,2011,1,3.79,10,44,250
90857,756,2011,1,19.43,10,44,100
163806,756,2011,1,9.68,10,44,250
167473,756,2011,1,16.02,10,44,192
196122,756,2011,1,19.66,10,44,210
25279,756,2011,1,18.75,10,44,210
67754,756,2011,1,8.99,10,44,999
189948,756,2011,1,14.77,10,44,999
75116,756,2011,1,3.97,10,44,192
210564,756,2011,1,11.92,10,44,210
229583,756,2011,1,26.66,10,44,210
85893,756,2011,1,26.84,10,44,210
184984,756,2011,1,33.63,10,44,210
115079,756,2011,1,5.92,10,44,999
227086,756,2011,1,21.85,10,44,210
192502,756,2011,1,6.55,10,44,100
58456,756,2011,1,39.52,10,44,192
52526,756,2011,1,40.32,10,44,250
81560,756,2011,1,35.15,10,44,210
119275,756,2011,1,18.48,10,44,250
235112,756,2011,1,18.31,10,44,192
111956,756,2011,1,4.56,10,44,192
143900,756,2011,1,29.41,10,44,210
105530,756,2011,1,13.07,10,44,192
62828,756,2011,1,9.13,10,44,999
39925,756,2011,1,4.98,10,44,210
237560,756,2011,1,24.32,10,44,192
192017,756,2011,1,13.38,10,44,210
162870,756,2011,1,7.96,10,44,250
195618,756,2011,1,23.88,10,44,192
229387,756,2011,1,31.26,10,44,210
22260,756,2011,1,19.03,10,44,999
137783,756,2011,1,14.89,10,44,192
96537,756,2011,1,36.17,10,44,192
194800,756,2011,1,3.76,10,44,210
31488,756,2011,1,27.07,10,44,192
174919,756,2011,1,17.48,10,44,100
206927,756,2011,1,18.14,10,44,223
109699,756,2011,1,33.78,10,44,210
141670,756,2011,1,49.05,10,44,192
4698,756,2011,1,3.77,10,44,999
149055,756,2011,1,14.46,10,44,250
4049,756,2011,1,9.19,10,44,210
153304,756,2011,1,18.32,10,44,999
226493,756,2011,1,11.63,10,44,250
213772,756,2011,1,18.44,10,44,223
140658,756,2011,1,15.22,10,44,192
167263,756,2011,1,21.58,10,44,192
84520,756,2011,1,6.33,10,44,100
174860,756,2011,1,7.62,10,44,100
154297,756,2011,1,23.54,10,44,210
228021,756,2011,1,17.31,10,44,210
63923,756,2011,1,19.3,10,44,999
130305,756,2011,1,5.07,10,44,250
98276,756,2011,1,19.65,10,44,250
144015,756,2011,1,8.23,10,44,210
141,756,2011,1,8.69,10,44,100
203029,756,2011,1,38.21,10,44,210
65340,756,2011,1,15.71,10,44,999
55628,756,2011,1,18.28,10,44,223
220669,756,2011,1,17.85,10,44,250
178476,756,2011,1,15.49,10,44,999
157368,756,2011,1,15.87,10,44,100
114391,756,2011,1,19.88,10,44,250
148099,756,2011,1,8.83,10,44,100
158209,756,2011,1,5.9,10,44,192
123371,756,2011,1,25.83,10,44,999
176842,756,2011,1,18.57,10,44,100
61774,756,2011,1,11.4,10,44,250
110438,756,2011,1,20.05,10,44,100
141660,756,2011,1,32.38,10,44,210
66647,756,2011,1,7.7,10,44,192
210623,756,2011,1,14.4,10,44,250
106550,756,2011,1,6.05,10,44,223
211076,756,2011,1,23.29,10,44,210
89764,756,2011,1,34.28,10,44,999
226049,756,2011,1,13.29,10,44,210
61698,756,2011,1,30.23,10,44,100
213648,756,2011,1,9.9,10,44,223
65347,756,2011,1,30.72,10,44,250
139652,756,2011,1,42.62,10,44,210
207404,756,2011,1,17.31,10,44,223
161144,756,2011,1,45.33,10,44,210
105014,756,2011,1,7.16,10,44,192
165231,756,2011,1,20.32,10,44,192
110720,756,2011,1,17.51,10,44,999
183536,756,2011,1,36.14,10,44,100
179459,756,2011,1,37.42,10,44,250
164094,756,2011,1,10.47,10,44,210
210481,756,2011,1,18.65,10,44,100
33310,756,2011,1,15.54,10,44,192
197957,756,2011,1,60.01,10,44,210
102850,756,2011,1,26.75,10,44,223
207033,756,2011,1,8.85,10,44,250
222430,756,2011,1,36.98,10,44,210
85325,756,2011,1,31.5,10,44,223
208427,756,2011,1,8.56,10,44,223
61269,756,2011,1,37.89,10,44,192
24495,756,2011,1,28.19,10,44,100
58615,756,2011,1,16.69,10,44,192
87473,756,2011,1,5.72,10,44,100
182128,756,2011,1,18.94,10,44,223
172768,756,2011,1,30.76,10,44,192
108067,756,2011,1,27.77,10,44,210
201600,756,2011,1,11.64,10,44,250
106083,756,2011,1,27.01,10,44,223
71412,756,2011,1,6.5,10,44,250
94868,756,2011,1,10.63,10,44,210
103505,756,2011,1,11.0,10,44,250
134505,756,2011,1,46.18,10,44,999
95084,756,2011,1,14.6,10,44,192
166048,756,2011,1,8.59,10,44,192
171369,756,2011,1,6.68,10,44,250
65001,756,2011,1,12.95,10,44,223
132146,756,2011,1,6.75,10,44,250
197746,756,2011,1,31.97,10,44,210
157899,756,2011,1,16.39,10,44,100
162344,756,2011,1,23.8,10,44,210
220190,756,2011,1,16.17,10,44,999
73646,756,2011,1,11.16,10,44,223
131016,756,2011,1,5.05,10,44,223
78511,756,2011,1,33.18,10,44,210
117183,756,2011,1,12.7,10,44,192
188186,756,2011,1,51.25,10,44,210
128993,756,2011,1,38.85,10,44,223
116425,756,2011,1,22.61,10,44,210
166545,756,2011,1,35.88,10,44,999
194454,756,2011,1,14.8,10,44,100
154932,756,2011,1,14.14,10,44,100
39539,756,2011,1,34.74,10,44,210
74354,756,2011,1,16.22,10,44,192
215843,756,2011,1,47.67,10,44,210
230075,756,2011,1,8.29,10,44,192
233119,756,2011,1,11.05,10,44,192
91487,756,2011,1,18.95,10,44,192
89817,756,2011,1,15.73,10,44,250
183179,756,2011,1,5.24,10,44,210
161353,756,2011,1,38.62,10,44,210
134122,756,2011,1,15.22,10,44,223
110743,756,2011,1,20.84,10,44,223
189207,756,2011,1,6.48,10,44,223
150621,756,2011,1,39.97,10,44,210
822,756,2011,1,29.16,10,44,210
95260,756,2011,1,38.7,10,44,100
72140,756,2011,1,44.65,10,44,250
57487,756,2011,1,5.76,10,44,250
128480,756,2011,1,11.88,10,44,100
232228,756,2011,1,7.36,10,44,250
149751,756,2011,1,21.55,10,44,210
46994,756,2011,1,41.32,10,44,210
117729,756,2011,1,5.95,10,44,999
232193,756,2011,1,6.35,10,44,250
130365,756,2011,1,9.32,10,44,210
81702,756,2011,1,19.21,10,44,250
179912,756,2011,1,16.15,10,44,100
63119,756,2011,1,24.69,10,44,210
234432,756,2011,1,5.14,10,44,192
216777,756,2011,1,8.99,10,44,100
88782,756,2011,1,17.59,10,44,192
169338,756,2011,1,33.09,10,44,100
112157,756,2011,1,36.6,10,44,100
186863,756,2011,1,20.54,10,44,100
213595,756,2011,1,10.93,10,44,210
139958,756,2011,1,16.79,10,44,210
121481,756,2011,1,4.97,10,44,210
131742,756,2011,1,10.29,10,44,192
73726,756,2011,1,3.97,10,44,100
194013,756,2011,1,28.66,10,44,210
89556,756,2011,1,43.25,10,44,192
236401,756,2011,1,11.15,10,44,192
37031,756,2011,1,18.01,10,44,250
99196,756,2011,1,23.19,10,44,100
209659,756,2011,1,35.81,10,44,100
50702,756,2011,1,10.83,10,44,250
83725,756,2011,1,21.65,10,44,210
195980,756,2011,1,20.64,10,44,223
44740,756,2011,1,40.82,10,44,192
230432,756,2011,1,47.43,10,44,210
56177,756,2011,1,49.28,10,44,210
107406,756,2011,1,6.98,10,44,223
22310,756,2011,1,20.14,10,44,223
92427,756,2011,1,6.26,10,44,223
224265,756,2011,1,45.09,10,44,210
87463,756,2011,1,6.71,10,44,100
138564,756,2011,1,17.5,10,44,250
190064,756,2011,1,36.52,10,44,999
194508,756,2011,1,13.63,10,44,250
192034,756,2011,1,13.05,10,44,223
27296,756,2011,1,4.64,10,44,100
84930,756,2011,1,7.26,10,44,210
152701,756,2011,1,31.1,10,44,100
43597,756,2011,1,35.58,10,44,100
127832,756,2011,1,31.5,10,44,192
101392,756,2011,1,13.63,10,44,999
75817,756,2011,1,15.58,10,44,192
156288,756,2011,1,20.13,10,44,250
83810,756,2011,1,12.82,10,44,210
230359,756,2011,1,22.46,10,44,192
67757,756,2011,1,14.78,10,44,999
170723,756,2011,1,33.59,10,44,999
224483,756,2011,1,6.07,10,44,250
141539,756,2011,1,24.77,10,44,192
220612,756,2011,1,17.25,10,44,999
202575,756,2011,1,12.14,10,44,210
152767,756,2011,1,17.18,10,44,210
102453,756,2011,1,8.73,10,44,210
157992,756,2011,1,16.67,10,44,210
101975,756,2011,1,20.26,10,44,100
134781,756,2011,1,8.84,10,44,100
157826,756,2011,1,20.81,10,44,210
65606,756,2011,1,6.24,10,44,210
215818,756,2011,1,14.74,10,44,250
16493,756,2011,1,15.92,10,44,210
237938,756,2011,1,32.63,10,44,250
229633,756,2011,1,8.84,10,44,223
218152,756,2011,1,10.05,10,44,999
226593,756,2011,1,37.41,10,44,210
127503,756,2011,1,18.3,10,44,192
121805,756,2011,1,6.39,10,44,223
124692,756,2011,1,27.07,10,44,100
123765,756,2011,1,43.54,10,44,999
149131,756,2011,1,17.59,10,44,223
79439,756,2011,1,36.67,10,44,100
142496,756,2011,1,35.74,10,44,100
102870,756,2011,1,35.52,10,44,210
124537,756,2011,1,13.42,10,44,210
57423,756,2011,1,40.27,10,44,210
138491,756,2011,1,11.83,10,44,250
102795,756,2011,1,32.42,10,44,100
174565,756,2011,1,13.14,10,44,100
34518,756,2011,1,9.0,10,44,210
212067,756,2011,1,16.89,10,44,223
181802,756,2011,1,19.05,10,44,223
164336,756,2011,1,9.42,10,44,210
52018,756,2011,1,16.45,10,44,192
2275,756,2011,1,35.41,10,44,223
578,756,2011,1,56.65,10,44,210
28860,756,2011,1,16.28,10,44,100
210585,756,2011,1,10.2,10,44,192
70036,756,2011,1,35.8,10,44,999
234253,756,2011,1,4.31,10,44,192
219361,756,2011,1,4.58,10,44,210
127543,756,2011,1,9.1,10,44,223
175501,756,2011,1,31.67,10,44,100
92992,756,2011,1,21.7,10,44,223
198672,756,2011,1,40.2,10,44,223
126524,756,2011,1,15.38,10,44,192
121435,756,2011,1,21.16,10,44,192
84565,756,2011,1,47.36,10,44,210
27352,756,2011,1,14.98,10,44,999
72805,756,2011,1,24.63,10,44,192
136268,756,2011,1,16.88,10,44,223
135676,756,2011,1,25.85,10,44,210
124261,756,2011,1,21.46,10,44,210
71138,756,2011,1,44.53,10,44,210
73117,756,2011,1,19.66,10,44,100
223780,756,2011,1,33.59,10,44,100
231164,756,2011,1,22.34,10,44,100
175329,756,2011,1,14.01,10,44,999
101315,756,2011,1,22.86,10,44,210
165512,756,2011,1,11.76,10,44,250
120747,756,2011,1,20.38,10,44,999
196044,756,2011,1,20.21,10,44,100
140780,756,2011,1,10.86,10,44,250
120988,756,2011,1,15.63,10,44,223
161685,756,2011,1,24.97,10,44,210
180717,756,2011,1,9.3,10,44,100
136319,756,2011,1,17.36,10,44,999
142372,756,2011,1,30.92,10,44,100
79872,756,2011,1,19.52,10,44,100
89329,756,2011,1,19.58,10,44,210
24454,756,2011,1,62.07,10,44,210
236593,756,2011,1,7.62,10,44,223
18848,756,2011,1,55.91,10,44,210
135183,756,2011,1,6.68,10,44,100
211551,756,2011,1,18.15,10,44,100
208157,756,2011,1,19.32,10,44,192
237318,756,2011,1,9.02,10,44,250
71634,756,2011,1,19.87,10,44,999
129542,756,2011,1,18.6,10,44,192
219034,756,2011,1,25.93,10,44,210
161753,756,2011,1,37.68,10,44,210
48410,756,2011,1,21.59,10,44,210
101147,756,2011,1,4.0,10,44,210
184073,756,2011,1,19.69,10,44,100
55832,756,2011,1,25.63,10,44,192
143633,756,2011,1,3.55,10,44,210
237808,756,2011,1,45.01,10,44,210
220797,756,2011,1,24.93,10,44,192
69666,756,2011,1,33.36,10,44,100
155541,756,2011,1,37.03,10,44,100
153711,756,2011,1,52.42,10,44,210
231636,756,2011,1,37.98,10,44,100
154714,756,2011,1,13.53,10,44,210
66836,756,2011,1,39.31,10,44,210
176638,756,2011,1,42.05,10,44,250
197859,756,2011,1,12.96,10,44,210
184043,756,2011,1,35.0,10,44,250
147334,756,2011,1,9.92,10,44,192
136432,756,2011,1,10.28,10,44,999
201290,756,2011,1,6.26,10,44,999
130769,756,2011,1,7.0,10,44,250
28867,756,2011,1,5.37,10,44,223
196597,756,2011,1,41.82,10,44,210
78474,756,2011,1,3.71,10,44,250
101006,756,2011,1,6.94,10,44,192
191784,756,2011,1,4.3,10,44,100
33243,756,2011,1,15.26,10,44,250
155680,756,2011,1,16.63,10,44,223
115343,756,2011,1,31.98,10,44,210
87956,756,2011,1,45.48,10,44,210
113477,756,2011,1,17.78,10,44,223
88124,756,2011,1,19.54,10,44,192
129498,756,2011,1,32.28,10,44,192
58424,756,2011,1,12.73,10,44,100
127490,756,2011,1,6.15,10,44,223
194345,756,2011,1,16.07,10,44,250
149669,756,2011,1,21.76,10,44,210
139265,756,2011,1,8.26,10,44,999
166344,756,2011,1,5.86,10,44,250
103679,756,2011,1,8.12,10,44,999
182178,756,2011,1,14.98,10,44,100
166493,756,2011,1,16.9,10,44,210
69632,756,2011,1,47.54,10,44,210
148214,756,2011,1,39.02,10,44,210
181831,756,2011,1,9.3,10,44,210
190493,756,2011,1,25.2,10,44,210
70590,756,2011,1,56.91,10,44,250
134825,756,2011,1,9.42,10,44,210
218224,756,2011,1,30.79,10,44,223
79742,756,2011,1,44.85,10,44,210
152660,756,2011,1,4.44,10,44,223
191206,756,2011,1,31.59,10,44,999
174590,756,2011,1,10.27,10,44,210
150457,756,2011,1,19.31,10,44,250
36266,756,2011,1,12.59,10,44,100
227798,756,2011,1,11.28,10,44,223
232331,756,2011,1,15.34,10,44,192
228846,756,2011,1,9.37,10,44,250
144728,756,2011,1,38.12,10,44,999
105389,756,2011,1,16.14,10,44,210
142181,756,2011,1,17.67,10,44,250
127441,756,2011,1,16.19,10,44,100
12284,756,2011,1,30.23,10,44,210
2248,756,2011,1,24.56,10,44,100
74988,756,2011,1,7.25,10,44,192
179327,756,2011,1,11.15,10,44,223
190091,756,2011,1,7.68,10,44,223
148059,756,2011,1,5.48,10,44,999
175904,756,2011,1,12.25,10,44,210
113568,756,2011,1,12.16,10,44,100
230311,756,2011,1,5.82,10,44,100
102684,756,2011,1,20.12,10,44,192
237422,756,2011,1,23.37,10,44,210
182744,756,2011,1,32.36,10,44,100
69439,756,2011,1,30.99,10,44,192
137225,756,2011,1,10.94,10,44,210
179385,756,2011,1,36.11,10,44,210
233246,756,2011,1,15.35,10,44,210
214744,756,2011,1,9.91,10,44,210
206808,756,2011,1,33.55,10,44,210
164153,756,2011,1,36.3,10,44,223
173308,756,2011,1,31.29,10,44,223
228039,756,2011,1,13.88,10,44,210
152641,756,2011,1,62.76,10,44,210
205144,756,2011,1,20.91,10,44,210
198857,756,2011,1,16.69,10,44,100
233930,756,2011,1,15.93,10,44,192
44361,756,2011,1,12.95,10,44,999
155482,756,2011,1,22.8,10,44,250
83453,756,2011,1,48.62,10,44,100
237879,756,2011,1,14.73,10,44,192
82480,756,2011,1,4.99,10,44,192
62111,756,2011,1,9.31,10,44,100
168815,756,2011,1,20.3,10,44,192
26583,756,2011,1,34.21,10,44,223
69165,756,2011,1,30.64,10,44,192
141241,756,2011,1,14.59,10,44,250
149675,756,2011,1,39.5,10,44,210
106243,756,2011,1,12.91,10,44,250
78541,756,2011,1,6.19,10,44,210
155805,756,2011,1,34.04,10,44,192
112022,756,2011,1,15.08,10,44,210
87949,756,2011,1,23.01,10,44,223
132094,756,2011,1,23.16,10,44,210
143351,756,2011,1,21.29,10,44,192
235439,756,2011,1,12.22,10,44,100
29867,756,2011,1,16.64,10,44,999
180359,756,2011,1,12.75,10,44,210
192922,756,2011,1,33.26,10,44,250
43545,756,2011,1,13.97,10,44,999
57042,756,2011,1,38.39,10,44,223
147381,756,2011,1,13.69,10,44,210
76448,756,2011,1,8.52,10,44,250
149833,756,2011,1,34.63,10,44,100
76813,756,2011,1,22.49,10,44,250
139672,756,2011,1,6.6,10,44,100
125482,756,2011,1,6.02,10,44,250
235382,756,2011,1,4.43,10,44,192
119473,756,2011,1,47.67,10,44,192
64018,756,2011,1,12.35,10,44,210
236362,756,2011,1,31.66,10,44,250
224739,756,2011,1,9.71,10,44,192
50340,756,2011,1,16.91,10,44,100
44215,756,2011,1,7.55,10,44,250
166299,756,2011,1,15.16,10,44,250
144813,756,2011,1,34.9,10,44,999
160509,756,2011,1,31.67,10,44,210
195771,756,2011,1,5.28,10,44,210
221972,756,2011,1,26.9,10,44,210
173808,756,2011,1,33.79,10,44,192
169701,756,2011,1,33.69,10,44,100
78521,756,2011,1,31.52,10,44,210
159158,756,2011,1,20.12,10,44,223
90508,756,2011,1,9.68,10,44,192
131855,756,2011,1,3.54,10,44,192
136944,756,2011,1,6.78,10,44,210
130918,756,2011,1,21.27,10,44,192
102181,756,2011,1,9.33,10,44,100
202507,756,2011,1,18.49,10,44,192
35898,756,2011,1,31.12,10,44,210
85059,756,2011,1,25.36,10,44,210
19010,756,2011,1,37.85,10,44,192
158690,756,2011,1,14.34,10,44,192
209785,756,2011,1,36.0,10,44,210
200124,756,2011,1,6.62,10,44,223
217661,756,2011,1,9.03,10,44,210
121115,756,2011,1,12.62,10,44,210
77733,756,2011,1,10.34,10,44,210
50295,756,2011,1,17.5,10,44,210
201089,756,2011,1,11.82,10,44,100
167812,756,2011,1,35.77,10,44,210
41603,756,2011,1,23.7,10,44,223
189922,756,2011,1,7.94,10,44,223
10146,756,2011,1,16.35,10,44,210
20504,756,2011,1,13.09,10,44,250
156629,756,2011,1,45.14,10,44,210
147501,756,2011,1,47.76,10,44,210
35110,756,2011,1,14.25,10,44,100
205079,756,2011,1,8.85,10,44,223
214107,756,2011,1,15.29,10,44,210
163795,756,2011,1,41.9,10,44,192
145910,756,2011,1,19.67,10,44,250
153233,756,2011,1,7.72,10,44,999
229385,756,2011,1,9.49,10,44,210
149223,756,2011,1,11.91,10,44,210
210058,756,2011,1,18.96,10,44,100
8937,756,2011,1,53.48,10,44,250
99853,756,2011,1,6.4,10,44,100
227617,756,2011,1,16.78,10,44,223
113323,756,2011,1,21.95,10,44,210
154449,756,2011,1,51.06,10,44,100
187849,756,2011,1,15.97,10,44,210
59712,756,2011,1,8.28,10,44,210
100286,756,2011,1,9.2,10,44,250
71746,756,2011,1,16.34,10,44,192
183427,756,2011,1,34.87,10,44,192
96210,756,2011,1,40.33,10,44,192
141713,756,2011,1,4.42,10,44,223
108019,756,2011,1,47.0,10,44,210
155939,756,2011,1,7.98,10,44,210
131707,756,2011,1,8.69,10,44,223
134484,756,2011,1,7.06,10,44,210
76597,756,2011,1,48.73,10,44,210
124256,756,2011,1,35.68,10,44,250
50847,756,2011,1,39.78,10,44,210
233301,756,2011,1,15.39,10,44,250
200882,756,2011,1,37.79,10,44,210
32687,756,2011,1,26.37,10,44,210
213871,756,2011,1,15.36,10,44,210
137817,756,2011,1,15.8,10,44,210
115388,756,2011,1,13.26,10,44,210
159816,756,2011,1,5.47,10,44,250
57867,756,2011,1,28.86,10,44,210
226879,756,2011,1,13.31,10,44,210
180323,756,2011,1,38.26,10,44,210
230215,756,2011,1,24.07,10,44,210
133352,756,2011,1,19.29,10,44,100
221637,756,2011,1,43.85,10,44,210
77178,756,2011,1,10.01,10,44,250
228057,756,2011,1,5.27,10,44,250
143135,756,2011,1,36.21,10,44,210
203142,756,2011,1,7.15,10,44,210
118,756,2011,1,24.8,10,44,250
34695,756,2011,1,19.97,10,44,192
234943,756,2011,1,22.55,10,44,210
140856,756,2011,1,22.04,10,44,100
133821,756,2011,1,17.23,10,44,210
178349,756,2011,1,11.2,10,44,100
179734,756,2011,1,8.73,10,44,999
146636,756,2011,1,10.09,10,44,100
102504,756,2011,1,9.17,10,44,210
237447,756,2011,1,14.93,10,44,192
130479,756,2011,1,9.14,10,44,250
98858,756,2011,1,2.97,10,44,100
162331,756,2011,1,11.76,10,44,223
126984,756,2011,1,13.84,10,44,210
148624,756,2011,1,17.67,10,44,100
172082,756,2011,1,17.48,10,44,999
151436,756,2011,1,18.29,10,44,192
134362,756,2011,1,8.76,10,44,250
138433,756,2011,1,13.2,10,44,223
196642,756,2011,1,5.56,10,44,192
115710,756,2011,1,41.79,10,44,210
169032,756,2011,1,32.19,10,44,100
141995,756,2011,1,5.03,10,44,192
151602,756,2011,1,36.48,10,44,210
182663,756,2011,1,18.98,10,44,192
152278,756,2011,1,5.02,10,44,223
203247,756,2011,1,14.98,10,44,192
77930,756,2011,1,27.59,10,44,210
64296,756,2011,1,31.7,10,44,100
28126,756,2011,1,22.24,10,44,999
130368,756,2011,1,29.86,10,44,192
15052,756,2011,1,33.52,10,44,100
50503,756,2011,1,33.25,10,44,210
184714,756,2011,1,4.03,10,44,999
207390,756,2011,1,11.31,10,44,100
182985,756,2011,1,14.32,10,44,210
69456,756,2011,1,15.84,10,44,100
97427,756,2011,1,21.46,10,44,192
154113,756,2011,1,39.32,10,44,210
87363,756,2011,1,21.11,10,44,223
147158,756,2011,1,7.69,10,44,223
40014,756,2011,1,14.55,10,44,192
16869,756,2011,1,16.14,10,44,100
213141,756,2011,1,16.83,10,44,223
109978,756,2011,1,6.89,10,44,210
121281,756,2011,1,22.85,10,44,100
230967,756,2011,1,38.38,10,44,192
132575,756,2011,1,17.17,10,44,210
214542,756,2011,1,36.43,10,44,250
116935,756,2011,1,10.89,10,44,192
135956,756,2011,1,8.29,10,44,999
95715,756,2011,1,13.39,10,44,192
174658,756,2011,1,35.25,10,44,210
10252,756,2011,1,26.92,10,44,192
207302,756,2011,1,31.95,10,44,100
204903,756,2011,1,26.22,10,44,210
58512,756,2011,1,7.32,10,44,223
186290,756,2011,1,10.73,10,44,999
143069,756,2011,1,4.54,10,44,250
116897,756,2011,1,6.56,10,44,250
203273,756,2011,1,6.49,10,44,192
46494,756,2011,1,26.95,10,44,250
127006,756,2011,1,10.79,10,44,100
220745,756,2011,1,32.35,10,44,210
33647,756,2011,1,23.22,10,44,100
236407,756,2011,1,17.31,10,44,100
48026,756,2011,1,34.23,10,44,210
207319,756,2011,1,17.06,10,44,250
52285,756,2011,1,7.56,10,44,250
135000,756,2011,1,32.39,10,44,100
114709,756,2011,1,4.27,10,44,210
205189,756,2011,1,37.6,10,44,999
231694,756,2011,1,36.4,10,44,210
140389,756,2011,1,12.47,10,44,210
118218,756,2011,1,30.53,10,44,100
118621,756,2011,1,10.27,10,44,223
225355,756,2011,1,14.52,10,44,210
153086,756,2011,1,17.92,10,44,223
117748,756,2011,1,11.03,10,44,210
90906,756,2011,1,14.98,10,44,250
234694,756,2011,1,41.06,10,44,210
116578,756,2011,1,15.13,10,44,100
150909,756,2011,1,17.33,10,44,999
215950,756,2011,1,34.35,10,44,223
225226,756,2011,1,3.71,10,44,100
161281,756,2011,1,30.54,10,44,192
173988,756,2011,1,18.91,10,44,223
138209,756,2011,1,5.37,10,44,250
40626,756,2011,1,11.46,10,44,210
234050,756,2011,1,31.27,10,44,100
176743,756,2011,1,11.02,10,44,100
112262,756,2011,1,7.39,10,44,210
42626,756,2011,1,19.87,10,44,100
44493,756,2011,1,17.72,10,44,100
224903,756,2011,1,3.77,10,44,210
73014,756,2011,1,34.93,10,44,100
223216,756,2011,1,7.99,10,44,100
194535,756,2011,1,4.36,10,44,250
168101,756,2011,1,45.79,10,44,210
155045,756,2011,1,12.68,10,44,999
220778,756,2011,1,14.17,10,44,192
95290,756,2011,1,13.16,10,44,192
98856,756,2011,1,49.64,10,44,210
43138,756,2011,1,9.79,10,44,999
184596,756,2011,1,37.62,10,44,999
69140,756,2011,1,34.72,10,44,100
183578,756,2011,1,34.43,10,44,210
206482,756,2011,1,36.91,10,44,999
214527,756,2011,1,16.67,10,44,100
149073,756,2011,1,49.61,10,44,100
139574,756,2011,1,11.13,10,44,250
226603,756,2011,1,26.54,10,44,210
193783,756,2011,1,42.9,10,44,210
135393,756,2011,1,17.87,10,44,250
14127,756,2011,1,9.47,10,44,210
138537,756,2011,1,42.92,10,44,192
204981,756,2011,1,32.34,10,44,223
45227,756,2011,1,16.54,10,44,100
92573,756,2011,1,20.64,10,44,192
236230,756,2011,1,10.76,10,44,223
133522,756,2011,1,10.22,10,44,250
145728,756,2011,1,15.68,10,44,210
41617,756,2011,1,23.32,10,44,192
99938,756,2011,1,8.59,10,44,210
109426,756,2011,1,46.93,10,44,210
91681,756,2011,1,13.72,10,44,100
171285,756,2011,1,36.8,10,44,210
212592,756,2011,1,25.69,10,44,210
104635,756,2011,1,7.19,10,44,210
18443,756,2011,1,33.77,10,44,192
140197,756,2011,1,39.67,10,44,223
157141,756,2011,1,36.99,10,44,100
53870,756,2011,1,62.67,10,44,210
55532,756,2011,1,29.35,10,44,210
89258,756,2011,1,7.92,10,44,223
67123,756,2011,1,31.35,10,44,250
135679,756,2011,1,13.84,10,44,100
215258,756,2011,1,24.16,10,44,100
43847,756,2011,1,5.53,10,44,250
207531,756,2011,1,5.59,10,44,250
140081,756,2011,1,23.06,10,44,223
188610,756,2011,1,42.21,10,44,223
108766,756,2011,1,25.3,10,44,250
30212,756,2011,1,25.13,10,44,192
75246,756,2011,1,15.76,10,44,192
53922,756,2011,1,31.18,10,44,100
76591,756,2011,1,31.2,10,44,210
209242,756,2011,1,25.24,10,44,210
211223,756,2011,1,31.88,10,44,100
159293,756,2011,1,32.17,10,44,192
144026,756,2011,1,7.03,10,44,210
74872,756,2011,1,17.89,10,44,100
8095,756,2011,1,41.45,10,44,210
213059,756,2011,1,15.99,10,44,999
132273,756,2011,1,6.35,10,44,999
228043,756,2011,1,9.83,10,44,223
107460,756,2011,1,4.23,10,44,250
231970,756,2011,1,7.48,10,44,192
144485,756,2011,1,25.05,10,44,250
161308,756,2011,1,43.89,10,44,192
79637,756,2011,1,8.32,10,44,192
106225,756,2011,1,7.76,10,44,100
129658,756,2011,1,17.67,10,44,223
117113,756,2011,1,16.02,10,44,210
11172,756,2011,1,36.86,10,44,100
83618,756,2011,1,13.9,10,44,210
218183,756,2011,1,6.87,10,44,192
93517,756,2011,1,19.88,10,44,210
73549,756,2011,1,9.65,10,44,192
25433,756,2011,1,5.95,10,44,250
103279,756,2011,1,6.67,10,44,100
102147,756,2011,1,13.33,10,44,192
206678,756,2011,1,23.44,10,44,100
192376,756,2011,1,13.16,10,44,210
90087,756,2011,1,16.12,10,44,250
215260,756,2011,1,33.3,10,44,999
181323,756,2011,1,36.97,10,44,210
215144,756,2011,1,13.87,10,44,250
128070,756,2011,1,3.53,10,44,100
219776,756,2011,1,15.32,10,44,192
102440,756,2011,1,24.26,10,44,210
134382,756,2011,1,6.85,10,44,100
194005,756,2011,1,22.62,10,44,223
52177,756,2011,1,6.29,10,44,250
69418,756,2011,1,8.44,10,44,250
191672,756,2011,1,15.19,10,44,192
92917,756,2011,1,15.56,10,44,100
75929,756,2011,1,16.53,10,44,999
211876,756,2011,1,17.49,10,44,250
102633,756,2011,1,18.57,10,44,250
125055,756,2011,1,9.13,10,44,210
9028,756,2011,1,35.85,10,44,999
66366,756,2011,1,7.87,10,44,250
229814,756,2011,1,9.53,10,44,192
205280,756,2011,1,37.43,10,44,210
54532,756,2011,1,29.85,10,44,223
203620,756,2011,1,33.41,10,44,210
153420,756,2011,1,8.61,10,44,210
125969,756,2011,1,13.28,10,44,210
171309,756,2011,1,23.94,10,44,999
180611,756,2011,1,33.06,10,44,210
159996,756,2011,1,8.33,10,44,210
110941,756,2011,1,55.45,10,44,210
5365,756,2011,1,9.27,10,44,210
14268,756,2011,1,46.13,10,44,192
146174,756,2011,1,20.66,10,44,250
148437,756,2011,1,50.28,10,44,210
73277,756,2011,1,18.05,10,44,250
85649,756,2011,1,54.18,10,44,210
10692,756,2011,1,42.43,10,44,223
210097,756,2011,1,38.36,10,44,210
235944,756,2011,1,14.45,10,44,223
173339,756,2011,1,18.03,10,44,223
169695,756,2011,1,21.39,10,44,100
193514,756,2011,1,8.26,10,44,100
128147,756,2011,1,17.46,10,44,223
226865,756,2011,1,22.79,10,44,999
49716,756,2011,1,23.85,10,44,210
154127,756,2011,1,10.75,10,44,192
138302,756,2011,1,39.24,10,44,210
94189,756,2011,1,14.97,10,44,192
191596,756,2011,1,16.38,10,44,999
138138,756,2011,1,34.04,10,44,250
237976,756,2011,1,12.89,10,44,210
207617,756,2011,1,13.71,10,44,210
94817,756,2011,1,21.19,10,44,100
188203,756,2011,1,12.17,10,44,192
224990,756,2011,1,28.85,10,44,250
145371,756,2011,1,18.27,10,44,192
96845,756,2011,1,32.75,10,44,223
158134,756,2011,1,8.97,10,44,223
231795,756,2011,1,12.55,10,44,223
229447,756,2011,1,39.81,10,44,210
59615,756,2011,1,33.41,10,44,999
135978,756,2011,1,27.83,10,44,210
187245,756,2011,1,33.11,10,44,250
212884,756,2011,1,23.81,10,44,223
51955,756,2011,1,23.67,10,44,210
227032,756,2011,1,22.83,10,44,192
138513,756,2011,1,14.92,10,44,999
23475,756,2011,1,28.63,10,44,210
142791,756,2011,1,18.46,10,44,210
201919,756,2011,1,17.52,10,44,192
197904,756,2011,1,20.94,10,44,192
228962,756,2011,1,11.0,10,44,223
231759,756,2011,1,12.59,10,44,210
106940,756,2011,1,21.12,10,44,192
133068,756,2011,1,17.74,10,44,100
173013,756,2011,1,15.03,10,44,999
164564,756,2011,1,9.24,10,44,999
187898,756,2011,1,44.19,10,44,210
82501,756,2011,1,16.03,10,44,100
37911,756,2011,1,3.92,10,44,192
40960,756,2011,1,32.46,10,44,100
147469,756,2011,1,17.47,10,44,210
26086,756,2011,1,9.55,10,44,100
87039,756,2011,1,4.58,10,44,250
131936,756,2011,1,8.26,10,44,210
225778,756,2011,1,20.52,10,44,250
168456,756,2011,1,17.49,10,44,100
123336,756,2011,1,12.81,10,44,223
52570,756,2011,1,39.68,10,44,100
116379,756,2011,1,6.98,10,44,250
144639,756,2011,1,31.69,10,44,210
63178,756,2011,1,4.77,10,44,250
59853,756,2011,1,20.33,10,44,192
71543,756,2011,1,34.72,10,44,223
2887,756,2011,1,8.19,10,44,192
183501,756,2011,1,14.09,10,44,192
218648,756,2011,1,34.21,10,44,100
111080,756,2011,1,18.78,10,44,100
160710,756,2011,1,34.66,10,44,210
138066,756,2011,1,10.72,10,44,210
217443,756,2011,1,13.83,10,44,192
92611,756,2011,1,11.88,10,44,192
94410,756,2011,1,8.95,10,44,999
57661,756,2011,1,17.81,10,44,210
36143,756,2011,1,34.13,10,44,100
107382,756,2011,1,6.24,10,44,192
79947,756,2011,1,51.31,10,44,210
94282,756,2011,1,34.94,10,44,999
215033,756,2011,1,9.31,10,44,250
223109,756,2011,1,33.7,10,44,192
236124,756,2011,1,19.06,10,44,210
141831,756,2011,1,16.89,10,44,100
195234,756,2011,1,10.31,10,44,250
39926,756,2011,1,34.57,10,44,210
86096,756,2011,1,22.26,10,44,100
54778,756,2011,1,41.58,10,44,210
87088,756,2011,1,7.89,10,44,210
44279,756,2011,1,15.32,10,44,100
138857,756,2011,1,29.17,10,44,100
141938,756,2011,1,34.82,10,44,210
201911,756,2011,1,4.66,10,44,999
103314,756,2011,1,9.32,10,44,100
206452,756,2011,1,15.81,10,44,192
79339,756,2011,1,20.98,10,44,223
197476,756,2011,1,35.99,10,44,210
64451,756,2011,1,7.97,10,44,210
132080,756,2011,1,22.25,10,44,100
152649,756,2011,1,20.99,10,44,100
157860,756,2011,1,13.06,10,44,192
64864,756,2011,1,19.98,10,44,999
222658,756,2011,1,55.59,10,44,210
221513,756,2011,1,15.53,10,44,999
227238,756,2011,1,7.79,10,44,100
23640,756,2011,1,18.81,10,44,210
61307,756,2011,1,28.95,10,44,210
214603,756,2011,1,3.82,10,44,223
83198,756,2011,1,35.98,10,44,100
62718,756,2011,1,3.73,10,44,210
119822,756,2011,1,33.06,10,44,100
98875,756,2011,1,42.15,10,44,210
43856,756,2011,1,13.08,10,44,223
160976,756,2011,1,9.81,10,44,223
170907,756,2011,1,11.73,10,44,223
106685,756,2011,1,9.9,10,44,100
147963,756,2011,1,16.64,10,44,210
233870,756,2011,1,9.4,10,44,223
145604,756,2011,1,17.78,10,44,210
235237,756,2011,1,36.57,10,44,210
123384,756,2011,1,6.38,10,44,192
219869,756,2011,1,18.1,10,44,192
227045,756,2011,1,34.19,10,44,250
107675,756,2011,1,47.04,10,44,210
97797,756,2011,1,17.18,10,44,250
233069,756,2011,1,9.46,10,44,223
172517,756,2011,1,7.55,10,44,223
128126,756,2011,1,8.18,10,44,192
54564,756,2011,1,35.99,10,44,192
106878,756,2011,1,13.3,10,44,192
161187,756,2011,1,32.16,10,44,210
25637,756,2011,1,33.87,10,44,192
42647,756,2011,1,4.55,10,44,210
172805,756,2011,1,7.11,10,44,100
197080,756,2011,1,6.57,10,44,192
117793,756,2011,1,5.1,10,44,250
202363,756,2011,1,7.39,10,44,192
32448,756,2011,1,7.61,10,44,100
130211,756,2011,1,17.82,10,44,192
228802,756,2011,1,12.78,10,44,210
80583,756,2011,1,33.01,10,44,210
11441,756,2011,1,7.61,10,44,223
148666,756,2011,1,20.58,10,44,999
57606,756,2011,1,35.62,10,44,999
165131,756,2011,1,18.96,10,44,210
231839,756,2011,1,33.76,10,44,100
189369,756,2011,1,4.17,10,44,223
233686,756,2011,1,8.8,10,44,250
176005,756,2011,1,32.76,10,44,210
233206,756,2011,1,44.62,10,44,210
4029,756,2011,1,18.59,10,44,210
193471,756,2011,1,35.07,10,44,192
237731,756,2011,1,9.49,10,44,250
168529,756,2011,1,36.43,10,44,210
144842,756,2011,1,22.05,10,44,100
14284,756,2011,1,32.34,10,44,210
189526,756,2011,1,24.06,10,44,250
227585,756,2011,1,11.2,10,44,192
143666,756,2011,1,12.3,10,44,223
56973,756,2011,1,4.51,10,44,210
78118,756,2011,1,5.68,10,44,100
226670,756,2011,1,18.12,10,44,210
57650,756,2011,1,34.03,10,44,210
86725,756,2011,1,36.85,10,44,223
23351,756,2011,1,25.59,10,44,250
43053,756,2011,1,7.73,10,44,223
114478,756,2011,1,49.46,10,44,210
107481,756,2011,1,23.83,10,44,210
102048,756,2011,1,41.09,10,44,210
186254,756,2011,1,21.84,10,44,210
175550,756,2011,1,5.41,10,44,210
32974,756,2011,1,4.27,10,44,100
70697,756,2011,1,24.73,10,44,999
85222,756,2011,1,9.99,10,44,192
235697,756,2011,1,37.54,10,44,210
159274,756,2011,1,20.08,10,44,999
54101,756,2011,1,24.77,10,44,999
104987,756,2011,1,10.52,10,44,192
105993,756,2011,1,31.69,10,44,100
103620,756,2011,1,5.62,10,44,192
158488,756,2011,1,7.26,10,44,223
173730,756,2011,1,43.71,10,44,210
132050,756,2011,1,27.68,10,44,999
176241,756,2011,1,4.92,10,44,192
214284,756,2011,1,22.69,10,44,192
74609,756,2011,1,11.72,10,44,192
52485,756,2011,1,42.86,10,44,250
231510,756,2011,1,32.36,10,44,210
112750,756,2011,1,16.58,10,44,223
36546,756,2011,1,16.2,10,44,210
120150,756,2011,1,34.0,10,44,223
134216,756,2011,1,7.38,10,44,250
120522,756,2011,1,10.38,10,44,192
165357,756,2011,1,22.46,10,44,210
221539,756,2011,1,10.04,10,44,999
124524,756,2011,1,10.95,10,44,100
62462,756,2011,1,16.56,10,44,210
137854,756,2011,1,32.18,10,44,223
180885,756,2011,1,7.45,10,44,210
173388,756,2011,1,13.82,10,44,100
77098,756,2011,1,18.83,10,44,250
115637,756,2011,1,24.13,10,44,210
70140,756,2011,1,24.4,10,44,100
151968,756,2011,1,7.6,10,44,192
187085,756,2011,1,4.64,10,44,210
63075,756,2011,1,37.53,10,44,210
69535,756,2011,1,18.53,10,44,999
140604,756,2011,1,12.0,10,44,999
160139,756,2011,1,16.59,10,44,100
97342,756,2011,1,23.26,10,44,250
216073,756,2011,1,39.68,10,44,999
82874,756,2011,1,12.95,10,44,192
184262,756,2011,1,40.99,10,44,999
143982,756,2011,1,20.0,10,44,250
200083,756,2011,1,21.05,10,44,210
105306,756,2011,1,20.86,10,44,210
223059,756,2011,1,34.45,10,44,192
222921,756,2011,1,32.75,10,44,250
81999,756,2011,1,5.12,10,44,223
166583,756,2011,1,50.13,10,44,210
161181,756,2011,1,32.45,10,44,100
32887,756,2011,1,7.49,10,44,223
232112,756,2011,1,5.54,10,44,250
143368,756,2011,1,23.87,10,44,210
159444,756,2011,1,15.51,10,44,223
159848,756,2011,1,21.43,10,44,100
29424,756,2011,1,8.66,10,44,100
31765,756,2011,1,56.19,10,44,210
38177,756,2011,1,38.84,10,44,223
32020,756,2011,1,24.64,10,44,100
143616,756,2011,1,32.24,10,44,100
34870,756,2011,1,17.16,10,44,210
84737,756,2011,1,3.83,10,44,223
79815,756,2011,1,22.78,10,44,210
88909,756,2011,1,8.78,10,44,192
143495,756,2011,1,11.21,10,44,210
123352,756,2011,1,13.26,10,44,100
147474,756,2011,1,15.35,10,44,100
195586,756,2011,1,6.3,10,44,192
235889,756,2011,1,32.71,10,44,100
128515,756,2011,1,34.83,10,44,210
100982,756,2011,1,41.33,10,44,223
141499,756,2011,1,43.27,10,44,210
170207,756,2011,1,24.36,10,44,100
151610,756,2011,1,29.04,10,44,192
122240,756,2011,1,5.88,10,44,250
74094,756,2011,1,40.82,10,44,999
225115,756,2011,1,6.91,10,44,250
126992,756,2011,1,22.99,10,44,210
86969,756,2011,1,12.45,10,44,250
199387,756,2011,1,20.33,10,44,250
109769,756,2011,1,5.09,10,44,210
71200,756,2011,1,5.42,10,44,192
127991,756,2011,1,19.23,10,44,999
96116,756,2011,1,35.44,10,44,210
196131,756,2011,1,11.36,10,44,100
94238,756,2011,1,33.08,10,44,210
149526,756,2011,1,8.71,10,44,210
77433,756,2011,1,39.59,10,44,210
137862,756,2011,1,5.01,10,44,999
167217,756,2011,1,23.12,10,44,210
162027,756,2011,1,17.63,10,44,192
155882,756,2011,1,13.19,10,44,210
49224,756,2011,1,32.19,10,44,210
155232,756,2011,1,10.26,10,44,250
194722,756,2011,1,26.91,10,44,210
232179,756,2011,1,36.74,10,44,210
186739,756,2011,1,28.24,10,44,210
91601,756,2011,1,39.84,10,44,210
84576,756,2011,1,6.05,10,44,100
111089,756,2011,1,24.8,10,44,192
112578,756,2011,1,19.1,10,44,210
10875,756,2011,1,32.35,10,44,250
117253,756,2011,1,43.76,10,44,210
156516,756,2011,1,6.14,10,44,250
53941,756,2011,1,8.24,10,44,100
120165,756,2011,1,40.85,10,44,210
86586,756,2011,1,18.26,10,44,223
135397,756,2011,1,21.87,10,44,100
79077,756,2011,1,13.01,10,44,100
207120,756,2011,1,11.57,10,44,192
98277,756,2011,1,11.46,10,44,250
209802,756,2011,1,11.47,10,44,192
197198,756,2011,1,6.95,10,44,999
177508,756,2011,1,16.76,10,44,210
184503,756,2011,1,28.33,10,44,210
191095,756,2011,1,20.3,10,44,223
183270,756,2011,1,29.59,10,44,210
9963,756,2011,1,17.95,10,44,250
75690,756,2011,1,7.39,10,44,250
187156,756,2011,1,27.14,10,44,210
107984,756,2011,1,35.63,10,44,192
143349,756,2011,1,33.58,10,44,999
196142,756,2011,1,21.97,10,44,192
214361,756,2011,1,16.13,10,44,250
92261,756,2011,1,41.63,10,44,210
8311,756,2011,1,4.11,10,44,192
219438,756,2011,1,11.5,10,44,100
47923,756,2011,1,8.93,10,44,192
38915,756,2011,1,19.83,10,44,250
211398,756,2011,1,26.33,10,44,210
85603,756,2011,1,24.02,10,44,250
153682,756,2011,1,4.69,10,44,223
163926,756,2011,1,16.67,10,44,223
81690,756,2011,1,19.98,10,44,250
115546,756,2011,1,32.75,10,44,192
64920,756,2011,1,15.56,10,44,223
185144,756,2011,1,11.03,10,44,100
161710,756,2011,1,3.45,10,44,210
181903,756,2011,1,5.67,10,44,999
15158,756,2011,1,8.9,10,44,100
18705,756,2011,1,7.04,10,44,250
120759,756,2011,1,23.39,10,44,223
173259,756,2011,1,25.18,10,44,192
39561,756,2011,1,17.46,10,44,210
235888,756,2011,1,23.05,10,44,210
158661,756,2011,1,22.56,10,44,210
144425,756,2011,1,14.63,10,44,223
105685,756,2011,1,8.92,10,44,192
103865,756,2011,1,35.35,10,44,223
170190,756,2011,1,11.27,10,44,192
223825,756,2011,1,16.56,10,44,210
59899,756,2011,1,9.34,10,44,100
56775,756,2011,1,8.53,10,44,192
175506,756,2011,1,17.69,10,44,250
165748,756,2011,1,8.81,10,44,210
72172,756,2011,1,17.2,10,44,210
128786,756,2011,1,17.41,10,44,223
124064,756,2011,1,26.56,10,44,210
59653,756,2011,1,10.25,10,44,999
136237,756,2011,1,20.41,10,44,223
14483,756,2011,1,19.21,10,44,999
10256,756,2011,1,26.27,10,44,100
229181,756,2011,1,10.61,10,44,250
109911,756,2011,1,6.42,10,44,223
158828,756,2011,1,13.73,10,44,192
127228,756,2011,1,37.62,10,44,210
102377,756,2011,1,10.41,10,44,192
176776,756,2011,1,47.25,10,44,999
234208,756,2011,1,4.81,10,44,250
184369,756,2011,1,10.53,10,44,223
232446,756,2011,1,36.22,10,44,210
55789,756,2011,1,14.76,10,44,999
81324,756,2011,1,31.2,10,44,100
99476,756,2011,1,41.42,10,44,210
190034,756,2011,1,41.88,10,44,223
113621,756,2011,1,18.51,10,44,999
231211,756,2011,1,3.86,10,44,100
99704,756,2011,1,15.77,10,44,223
111461,756,2011,1,32.41,10,44,210
174764,756,2011,1,25.27,10,44,999
225196,756,2011,1,42.1,10,44,223
158944,756,2011,1,12.78,10,44,223
106597,756,2011,1,6.23,10,44,100
98607,756,2011,1,17.87,10,44,100
100409,756,2011,1,44.35,10,44,223
111320,756,2011,1,30.82,10,44,192
120077,756,2011,1,44.59,10,44,210
150540,756,2011,1,4.29,10,44,192
122617,756,2011,1,20.76,10,44,223
54065,756,2011,1,20.65,10,44,250
53375,756,2011,1,31.51,10,44,223
178046,756,2011,1,19.89,10,44,100
149027,756,2011,1,17.22,10,44,250
163617,756,2011,1,7.94,10,44,999
160602,756,2011,1,7.97,10,44,250
140304,756,2011,1,10.34,10,44,999
176396,756,2011,1,8.72,10,44,250
144700,756,2011,1,20.57,10,44,223
55925,756,2011,1,7.66,10,44,250
186973,756,2011,1,36.69,10,44,192
133102,756,2011,1,15.02,10,44,100
116056,756,2011,1,32.24,10,44,192
117115,756,2011,1,9.73,10,44,100
104948,756,2011,1,20.01,10,44,223
100253,756,2011,1,16.79,10,44,999
161464,756,2011,1,36.49,10,44,100
139088,756,2011,1,13.75,10,44,192
60181,756,2011,1,32.54,10,44,210
227811,756,2011,1,17.65,10,44,250
221932,756,2011,1,38.15,10,44,999
91546,756,2011,1,16.27,10,44,100
97793,756,2011,1,31.97,10,44,192
186226,756,2011,1,33.14,10,44,999
51251,756,2011,1,3.94,10,44,250
140280,756,2011,1,37.44,10,44,210
207388,756,2011,1,19.13,10,44,250
215545,756,2011,1,15.7,10,44,250
210838,756,2011,1,8.6,10,44,223
187045,756,2011,1,3.66,10,44,210
96361,756,2011,1,16.16,10,44,999
98582,756,2011,1,56.61,10,44,999
108200,756,2011,1,24.98,10,44,192
173800,756,2011,1,35.92,10,44,999
83923,756,2011,1,11.95,10,44,223
74494,756,2011,1,13.85,10,44,100
171445,756,2011,1,5.84,10,44,210
55631,756,2011,1,7.32,10,44,210
8528,756,2011,1,19.4,10,44,999
137270,756,2011,1,45.82,10,44,999
82266,756,2011,1,8.26,10,44,250
120928,756,2011,1,21.8,10,44,192
76673,756,2011,1,17.62,10,44,223
100780,756,2011,1,25.23,10,44,192
104560,756,2011,1,18.97,10,44,192
155006,756,2011,1,18.72,10,44,223
192798,756,2011,1,45.83,10,44,100
128593,756,2011,1,34.0,10,44,192
158718,756,2011,1,21.25,10,44,250
109987,756,2011,1,39.67,10,44,210
234501,756,2011,1,21.18,10,44,210
108188,756,2011,1,6.67,10,44,999
138970,756,2011,1,42.82,10,44,210
120534,756,2011,1,28.37,10,44,100
169149,756,2011,1,22.44,10,44,192
142165,756,2011,1,44.72,10,44,210
217195,756,2011,1,13.06,10,44,210
59492,756,2011,1,40.88,10,44,210
103158,756,2011,1,18.67,10,44,223
141767,756,2011,1,11.87,10,44,192
70299,756,2011,1,4.76,10,44,210
150999,756,2011,1,19.18,10,44,192
190561,756,2011,1,7.86,10,44,192
124527,756,2011,1,18.41,10,44,250
93168,756,2011,1,11.53,10,44,100
129822,756,2011,1,8.12,10,44,210
148025,756,2011,1,3.81,10,44,192
108243,756,2011,1,8.32,10,44,223
95196,756,2011,1,4.94,10,44,999
85672,756,2011,1,8.59,10,44,100
235916,756,2011,1,32.75,10,44,210
230688,756,2011,1,5.5,10,44,210
49808,756,2011,1,14.38,10,44,250
181885,756,2011,1,8.35,10,44,210
219193,756,2011,1,28.93,10,44,210
158157,756,2011,1,7.18,10,44,100
2018,756,2011,1,16.52,10,44,100
142238,756,2011,1,22.36,10,44,100
82147,756,2011,1,37.09,10,44,100
219498,756,2011,1,31.72,10,44,223
181149,756,2011,1,22.38,10,44,100
136064,756,2011,1,35.76,10,44,210
136025,756,2011,1,40.66,10,44,210
124600,756,2011,1,17.6,10,44,100
204175,756,2011,1,38.49,10,44,223
1289,756,2011,1,36.57,10,44,250
234254,756,2011,1,30.88,10,44,999
63336,756,2011,1,28.24,10,44,100
173282,756,2011,1,4.02,10,44,192
75766,756,2011,1,13.44,10,44,250
111422,756,2011,1,23.88,10,44,250
184013,756,2011,1,3.65,10,44,192
140108,756,2011,1,18.28,10,44,192
161443,756,2011,1,4.18,10,44,250
65003,756,2011,1,14.37,10,44,210
139613,756,2011,1,20.65,10,44,100
199874,756,2011,1,6.9,10,44,250
188690,756,2011,1,45.84,10,44,210
180082,756,2011,1,18.48,10,44,223
64633,756,2011,1,22.35,10,44,100
155247,756,2011,1,12.58,10,44,250
50481,756,2011,1,3.83,10,44,210
192191,756,2011,1,8.1,10,44,100
182007,756,2011,1,32.21,10,44,999
200443,756,2011,1,22.13,10,44,250
201617,756,2011,1,14.32,10,44,250
81385,756,2011,1,39.46,10,44,192
81347,756,2011,1,15.65,10,44,192
155838,756,2011,1,17.45,10,44,100
219113,756,2011,1,33.02,10,44,210
116423,756,2011,1,23.26,10,44,210
176835,756,2011,1,6.44,10,44,250
187655,756,2011,1,11.67,10,44,192
128812,756,2011,1,34.59,10,44,223
184100,756,2011,1,14.08,10,44,223
205888,756,2011,1,15.75,10,44,100
71523,756,2011,1,16.87,10,44,210
154435,756,2011,1,28.7,10,44,210
166949,756,2011,1,9.83,10,44,250
79237,756,2011,1,16.09,10,44,210
182026,756,2011,1,22.23,10,44,223
184564,756,2011,1,27.25,10,44,210
45862,756,2011,1,4.08,10,44,192
186939,756,2011,1,11.92,10,44,250
140624,756,2011,1,21.89,10,44,192
178124,756,2011,1,22.07,10,44,192
41724,756,2011,1,33.58,10,44,210
168820,756,2011,1,11.8,10,44,250
227350,756,2011,1,13.09,10,44,210
78397,756,2011,1,8.51,10,44,250
182121,756,2011,1,20.22,10,44,250
151183,756,2011,1,16.41,10,44,100
85891,756,2011,1,46.06,10,44,210
89878,756,2011,1,19.77,10,44,250
190607,756,2011,1,26.25,10,44,100
229016,756,2011,1,16.8,10,44,223
231012,756,2011,1,13.73,10,44,210
187365,756,2011,1,8.73,10,44,223
140489,756,2011,1,7.83,10,44,223
220138,756,2011,1,33.07,10,44,100
76604,756,2011,1,12.72,10,44,192
103937,756,2011,1,16.39,10,44,210
83939,756,2011,1,6.05,10,44,210
196549,756,2011,1,16.55,10,44,100
77799,756,2011,1,43.98,10,44,210
143284,756,2011,1,32.32,10,44,210
188658,756,2011,1,21.99,10,44,192
156790,756,2011,1,53.7,10,44,210
149920,756,2011,1,18.35,10,44,250
173965,756,2011,1,14.16,10,44,192
187707,756,2011,1,3.75,10,44,210
236841,756,2011,1,20.02,10,44,223
78064,756,2011,1,10.0,10,44,100
117098,756,2011,1,8.94,10,44,250
97046,756,2011,1,7.94,10,44,192
13862,756,2011,1,15.59,10,44,999
195938,756,2011,1,20.91,10,44,192
234973,756,2011,1,5.13,10,44,100
90888,756,2011,1,6.45,10,44,192
82601,756,2011,1,11.82,10,44,999
150737,756,2011,1,35.83,10,44,192
179470,756,2011,1,48.88,10,44,210
187375,756,2011,1,18.33,10,44,192
82594,756,2011,1,19.91,10,44,210
218211,756,2011,1,22.62,10,44,210
232585,756,2011,1,20.65,10,44,192
35985,756,2011,1,5.85,10,44,250
79564,756,2011,1,16.56,10,44,100
149879,756,2011,1,13.51,10,44,223
144179,756,2011,1,4.31,10,44,100
173675,756,2011,1,24.88,10,44,100
107576,756,2011,1,20.2,10,44,192
152150,756,2011,1,15.3,10,44,223
65675,756,2011,1,4.89,10,44,999
117256,756,2011,1,27.49,10,44,210
120775,756,2011,1,32.77,10,44,999
88748,756,2011,1,8.45,10,44,192
149742,756,2011,1,25.34,10,44,210
213916,756,2011,1,4.57,10,44,192
54807,756,2011,1,8.39,10,44,210
158619,756,2011,1,23.55,10,44,210
236924,756,2011,1,5.97,10,44,192
224080,756,2011,1,12.72,10,44,100
131894,756,2011,1,5.13,10,44,192
173169,756,2011,1,14.47,10,44,192
121313,756,2011,1,17.48,10,44,223
177309,756,2011,1,9.64,10,44,999
212120,756,2011,1,11.66,10,44,210
73706,756,2011,1,21.3,10,44,210
222518,756,2011,1,13.42,10,44,100
125664,756,2011,1,19.9,10,44,250
42885,756,2011,1,7.54,10,44,210
111814,756,2011,1,10.32,10,44,250
43188,756,2011,1,9.05,10,44,192
84084,756,2011,1,13.05,10,44,210
32514,756,2011,1,9.8,10,44,223
157039,756,2011,1,16.89,10,44,210
3135,756,2011,1,8.74,10,44,210
66786,756,2011,1,5.47,10,44,210
215642,756,2011,1,25.06,10,44,100
28719,756,2011,1,31.01,10,44,100
92400,756,2011,1,9.55,10,44,223
141953,756,2011,1,25.09,10,44,192
127379,756,2011,1,4.51,10,44,223
200708,756,2011,1,6.06,10,44,999
82617,756,2011,1,21.28,10,44,210
195529,756,2011,1,20.02,10,44,999
56422,756,2011,1,33.45,10,44,100
134432,756,2011,1,21.98,10,44,210
56931,756,2011,1,42.31,10,44,192
201331,756,2011,1,7.03,10,44,250
153114,756,2011,1,5.97,10,44,100
164816,756,2011,1,7.97,10,44,223
231945,756,2011,1,18.04,10,44,250
79622,756,2011,1,7.79,10,44,223
66561,756,2011,1,4.76,10,44,192
175938,756,2011,1,40.22,10,44,210
200559,756,2011,1,4.74,10,44,210
185794,756,2011,1,34.9,10,44,210
108723,756,2011,1,27.09,10,44,210
162561,756,2011,1,9.16,10,44,250
225562,756,2011,1,24.34,10,44,223
93827,756,2011,1,16.81,10,44,250
109935,756,2011,1,42.28,10,44,210
179352,756,2011,1,12.93,10,44,210
203277,756,2011,1,34.63,10,44,192
45864,756,2011,1,7.65,10,44,210
76637,756,2011,1,6.56,10,44,210
65710,756,2011,1,13.48,10,44,223
234562,756,2011,1,17.77,10,44,223
200005,756,2011,1,17.13,10,44,223
117304,756,2011,1,7.27,10,44,250
113753,756,2011,1,16.14,10,44,210
163033,756,2011,1,18.94,10,44,250
54761,756,2011,1,35.12,10,44,210
178899,756,2011,1,9.12,10,44,210
37745,756,2011,1,15.55,10,44,223
150717,756,2011,1,23.31,10,44,250
193630,756,2011,1,38.43,10,44,210
164292,756,2011,1,7.96,10,44,210
184092,756,2011,1,34.25,10,44,100
199635,756,2011,1,19.13,10,44,192
191975,756,2011,1,42.06,10,44,100
116088,756,2011,1,15.51,10,44,210
130620,756,2011,1,23.51,10,44,100
148316,756,2011,1,5.72,10,44,210
71167,756,2011,1,41.33,10,44,100
130797,756,2011,1,10.99,10,44,192
182673,756,2011,1,11.69,10,44,250
112346,756,2011,1,19.34,10,44,250
165144,756,2011,1,34.46,10,44,210
199561,756,2011,1,2.49,10,44,100
67151,756,2011,1,21.56,10,44,210
47343,756,2011,1,23.72,10,44,192
146653,756,2011,1,10.97,10,44,192
80200,756,2011,1,14.31,10,44,250
166518,756,2011,1,39.41,10,44,192
78359,756,2011,1,37.25,10,44,210
181849,756,2011,1,8.41,10,44,250
135726,756,2011,1,5.05,10,44,192
159397,756,2011,1,17.86,10,44,192
159811,756,2011,1,12.08,10,44,210
108340,756,2011,1,5.23,10,44,250
108494,756,2011,1,33.66,10,44,210
224059,756,2011,1,16.86,10,44,223
201257,756,2011,1,4.03,10,44,100
45114,756,2011,1,9.35,10,44,999
9877,756,2011,1,9.93,10,44,999
189940,756,2011,1,41.99,10,44,210
17738,756,2011,1,8.37,10,44,210
170048,756,2011,1,4.63,10,44,192
120868,756,2011,1,18.15,10,44,250
72868,756,2011,1,29.58,10,44,210
76286,756,2011,1,38.09,10,44,999
97107,756,2011,1,20.44,10,44,999
28834,756,2011,1,44.83,10,44,210
108565,756,2011,1,5.94,10,44,250
141437,756,2011,1,9.12,10,44,100
122382,756,2011,1,9.51,10,44,192
72406,756,2011,1,10.55,10,44,100
211676,756,2011,1,9.52,10,44,223
188565,756,2011,1,34.08,10,44,100
67489,756,2011,1,17.04,10,44,250
153422,756,2011,1,10.34,10,44,250
85305,756,2011,1,43.19,10,44,210
52150,756,2011,1,45.49,10,44,210
164972,756,2011,1,4.19,10,44,192
55218,756,2011,1,22.67,10,44,210
145689,756,2011,1,10.8,10,44,210
186480,756,2011,1,18.58,10,44,192
111271,756,2011,1,12.69,10,44,250
60069,756,2011,1,23.75,10,44,192
58091,756,2011,1,31.07,10,44,100
71505,756,2011,1,8.57,10,44,223
126968,756,2011,1,12.45,10,44,999
214740,756,2011,1,13.7,10,44,100
142150,756,2011,1,6.82,10,44,250
187131,756,2011,1,14.22,10,44,192
102347,756,2011,1,8.47,10,44,210
112981,756,2011,1,34.86,10,44,100
85484,756,2011,1,16.49,10,44,223
135394,756,2011,1,17.43,10,44,100
183998,756,2011,1,3.7,10,44,100
68400,756,2011,1,34.69,10,44,250
96543,756,2011,1,22.2,10,44,223
73060,756,2011,1,32.23,10,44,210
82714,756,2011,1,10.82,10,44,100
15698,756,2011,1,16.48,10,44,100
66865,756,2011,1,9.23,10,44,223
128968,756,2011,1,9.77,10,44,250
155068,756,2011,1,50.84,10,44,210
216735,756,2011,1,14.78,10,44,223
77193,756,2011,1,6.34,10,44,100
97620,756,2011,1,5.87,10,44,250
188233,756,2011,1,6.36,10,44,999
191356,756,2011,1,6.95,10,44,250
74422,756,2011,1,8.37,10,44,223
173809,756,2011,1,12.78,10,44,250
152192,756,2011,1,6.66,10,44,210
169322,756,2011,1,4.3,10,44,192
68324,756,2011,1,8.42,10,44,223
40099,756,2011,1,12.32,10,44,250
123938,756,2011,1,11.02,10,44,192
48470,756,2011,1,37.01,10,44,100
173471,756,2011,1,37.39,10,44,210
114831,756,2011,1,6.21,10,44,100
70717,756,2011,1,3.6,10,44,210
230295,756,2011,1,39.18,10,44,210
224308,756,2011,1,20.73,10,44,100
112653,756,2011,1,6.25,10,44,250
158250,756,2011,1,49.26,10,44,210
60949,756,2011,1,12.3,10,44,250
209822,756,2011,1,18.06,10,44,250
188878,756,2011,1,33.59,10,44,250
153620,756,2011,1,17.38,10,44,999
198948,756,2011,1,16.84,10,44,192
69955,756,2011,1,38.71,10,44,210
236436,756,2011,1,29.85,10,44,210
190055,756,2011,1,29.07,10,44,210
15427,756,2011,1,20.84,10,44,999
183657,756,2011,1,6.26,10,44,250
111013,756,2011,1,24.23,10,44,210
147831,756,2011,1,11.56,10,44,250
234844,756,2011,1,34.61,10,44,210
75016,756,2011,1,6.43,10,44,210
141300,756,2011,1,19.48,10,44,192
127863,756,2011,1,25.73,10,44,210
50812,756,2011,1,9.04,10,44,100
78440,756,2011,1,4.31,10,44,210
110427,756,2011,1,20.81,10,44,192
225129,756,2011,1,36.68,10,44,192
103821,756,2011,1,19.42,10,44,100
100812,756,2011,1,17.55,10,44,223
150449,756,2011,1,30.54,10,44,210
140250,756,2011,1,4.6,10,44,250
52314,756,2011,1,9.46,10,44,210
82043,756,2011,1,25.82,10,44,210
109751,756,2011,1,18.12,10,44,192
109792,756,2011,1,8.77,10,44,100
154180,756,2011,1,22.67,10,44,100
122732,756,2011,1,40.45,10,44,210
179962,756,2011,1,31.55,10,44,999
214748,756,2011,1,30.48,10,44,210
54504,756,2011,1,45.55,10,44,223
187840,756,2011,1,41.68,10,44,192
28948,756,2011,1,17.7,10,44,210
59322,756,2011,1,34.15,10,44,210
223295,756,2011,1,5.06,10,44,250
13677,756,2011,1,9.43,10,44,999
194910,756,2011,1,7.41,10,44,223
177660,756,2011,1,14.73,10,44,250
109657,756,2011,1,34.8,10,44,100
150533,756,2011,1,9.24,10,44,250
195580,756,2011,1,20.78,10,44,100
110245,756,2011,1,19.18,10,44,100
100599,756,2011,1,25.17,10,44,210
121232,756,2011,1,14.01,10,44,210
150696,756,2011,1,11.59,10,44,223
140388,756,2011,1,17.88,10,44,210
36642,756,2011,1,34.43,10,44,192
123334,756,2011,1,23.27,10,44,210
158987,756,2011,1,32.8,10,44,100
213669,756,2011,1,35.49,10,44,210
192565,756,2011,1,32.84,10,44,210
61467,756,2011,1,11.48,10,44,210
27883,756,2011,1,31.14,10,44,210
192231,756,2011,1,12.31,10,44,100
29659,756,2011,1,19.03,10,44,100
91678,756,2011,1,7.75,10,44,100
168639,756,2011,1,14.47,10,44,999
96938,756,2011,1,43.52,10,44,210
197158,756,2011,1,14.5,10,44,210
127822,756,2011,1,4.97,10,44,100
201683,756,2011,1,14.14,10,44,210
177124,756,2011,1,22.6,10,44,210
80589,756,2011,1,7.12,10,44,210
148674,756,2011,1,9.21,10,44,100
192500,756,2011,1,3.58,10,44,250
90092,756,2011,1,35.72,10,44,210
14691,756,2011,1,10.15,10,44,223
146409,756,2011,1,9.46,10,44,999
189440,756,2011,1,7.59,10,44,100
135580,756,2011,1,32.36,10,44,192
217867,756,2011,1,8.76,10,44,223
204933,756,2011,1,13.04,10,44,210
197723,756,2011,1,3.72,10,44,192
36664,756,2011,1,18.26,10,44,100
222520,756,2011,1,8.13,10,44,100
41436,756,2011,1,9.97,10,44,210
148852,756,2011,1,28.42,10,44,250
52250,756,2011,1,18.62,10,44,223
237674,756,2011,1,38.89,10,44,210
174864,756,2011,1,4.69,10,44,192
144207,756,2011,1,10.57,10,44,999
144183,756,2011,1,7.96,10,44,999
208730,756,2011,1,21.31,10,44,223
100517,756,2011,1,6.82,10,44,210
37445,756,2011,1,6.47,10,44,100
109330,756,2011,1,17.94,10,44,192
140639,756,2011,1,8.23,10,44,100
165259,756,2011,1,27.3,10,44,210
154522,756,2011,1,17.35,10,44,192
90381,756,2011,1,34.17,10,44,192
107337,756,2011,1,22.88,10,44,210
226209,756,2011,1,24.4,10,44,210
31672,756,2011,1,32.08,10,44,223
33172,756,2011,1,8.57,10,44,210
179807,756,2011,1,17.86,10,44,250
81976,756,2011,1,12.27,10,44,192
92963,756,2011,1,23.31,10,44,210
169594,756,2011,1,10.1,10,44,100
200810,756,2011,1,16.96,10,44,100
94038,756,2011,1,10.96,10,44,999
21239,756,2011,1,6.2,10,44,210
207101,756,2011,1,16.62,10,44,100
87100,756,2011,1,6.01,10,44,100
14556,756,2011,1,53.85,10,44,210
180192,756,2011,1,22.08,10,44,100
52790,756,2011,1,20.94,10,44,210
135484,756,2011,1,37.08,10,44,210
154181,756,2011,1,11.61,10,44,192
137638,756,2011,1,15.96,10,44,999
128350,756,2011,1,20.28,10,44,250
208614,756,2011,1,25.47,10,44,192
83716,756,2011,1,16.73,10,44,250
214447,756,2011,1,6.64,10,44,192
219033,756,2011,1,14.61,10,44,210
169100,756,2011,1,23.41,10,44,210
66624,756,2011,1,13.35,10,44,223
59178,756,2011,1,10.78,10,44,210
175684,756,2011,1,22.47,10,44,192
197581,756,2011,1,6.43,10,44,999
179833,756,2011,1,43.55,10,44,210
75802,756,2011,1,9.7,10,44,250
176450,756,2011,1,41.97,10,44,210
178354,756,2011,1,16.33,10,44,999
173805,756,2011,1,6.92,10,44,223
62491,756,2011,1,32.37,10,44,100
160653,756,2011,1,17.93,10,44,192
124041,756,2011,1,39.33,10,44,210
83574,756,2011,1,32.91,10,44,210
27570,756,2011,1,6.27,10,44,100
172610,756,2011,1,48.99,10,44,100
95679,756,2011,1,18.8,10,44,210
122104,756,2011,1,11.96,10,44,999
151631,756,2011,1,8.01,10,44,999
237338,756,2011,1,24.64,10,44,210
204203,756,2011,1,30.28,10,44,210
229482,756,2011,1,19.39,10,44,999
197267,756,2011,1,34.35,10,44,192
218521,756,2011,1,24.85,10,44,210
171969,756,2011,1,27.84,10,44,210
44049,756,2011,1,33.85,10,44,250
217750,756,2011,1,15.6,10,44,999
172669,756,2011,1,20.7,10,44,210
138052,756,2011,1,17.95,10,44,210
184508,756,2011,1,14.54,10,44,210
228430,756,2011,1,24.19,10,44,210
169027,756,2011,1,9.69,10,44,250
123687,756,2011,1,9.12,10,44,250
83990,756,2011,1,30.69,10,44,210
218595,756,2011,1,39.04,10,44,210
90923,756,2011,1,26.19,10,44,999
192281,756,2011,1,28.12,10,44,100
211539,756,2011,1,22.69,10,44,210
155014,756,2011,1,18.7,10,44,192
229377,756,2011,1,50.88,10,44,210
190600,756,2011,1,8.24,10,44,223
232477,756,2011,1,19.17,10,44,100
134421,756,2011,1,13.0,10,44,250
87674,756,2011,1,19.42,10,44,250
47877,756,2011,1,7.08,10,44,192
217566,756,2011,1,46.75,10,44,100
118359,756,2011,1,46.97,10,44,210
224755,756,2011,1,23.86,10,44,210
88673,756,2011,1,13.17,10,44,100
158491,756,2011,1,49.35,10,44,210
117480,756,2011,1,9.87,10,44,192
136736,756,2011,1,9.04,10,44,210
237712,756,2011,1,33.49,10,44,210
237006,756,2011,1,17.75,10,44,223
133173,756,2011,1,6.84,10,44,100
96357,756,2011,1,43.94,10,44,210
53706,756,2011,1,5.71,10,44,192
70643,756,2011,1,23.09,10,44,223
121952,756,2011,1,19.74,10,44,223
303,756,2011,1,16.52,10,44,210
144239,756,2011,1,4.35,10,44,210
148878,756,2011,1,34.32,10,44,210
41652,756,2011,1,33.09,10,44,223
33481,756,2011,1,8.87,10,44,192
220037,756,2011,1,19.43,10,44,210
236954,756,2011,1,17.3,10,44,250
163855,756,2011,1,39.43,10,44,250
148989,756,2011,1,3.66,10,44,100
79600,756,2011,1,41.23,10,44,210
137891,756,2011,1,45.06,10,44,210
74251,756,2011,1,3.79,10,44,210
77251,756,2011,1,22.94,10,44,210
139930,756,2011,1,51.84,10,44,210
75129,756,2011,1,7.19,10,44,250
155028,756,2011,1,11.22,10,44,250
103378,756,2011,1,12.68,10,44,210
214673,756,2011,1,15.09,10,44,192
125359,756,2011,1,5.33,10,44,210
153493,756,2011,1,16.55,10,44,250
209359,756,2011,1,27.35,10,44,210
93569,756,2011,1,8.55,10,44,223
231191,756,2011,1,20.12,10,44,100
31861,756,2011,1,25.48,10,44,100
66540,756,2011,1,38.44,10,44,210
211230,756,2011,1,26.08,10,44,210
161591,756,2011,1,41.65,10,44,223
139397,756,2011,1,19.02,10,44,100
92098,756,2011,1,24.62,10,44,192
181201,756,2011,1,8.1,10,44,210
62084,756,2011,1,32.72,10,44,223
3324,756,2011,1,32.75,10,44,999
198564,756,2011,1,22.94,10,44,100
191114,756,2011,1,16.53,10,44,210
56520,756,2011,1,45.34,10,44,210
178709,756,2011,1,5.22,10,44,100
155359,756,2011,1,7.66,10,44,100
112124,756,2011,1,13.38,10,44,192
118528,756,2011,1,19.75,10,44,192
56079,756,2011,1,27.79,10,44,210
75770,756,2011,1,8.15,10,44,999
84436,756,2011,1,7.22,10,44,192
165184,756,2011,1,10.79,10,44,999
126180,756,2011,1,5.73,10,44,100
114300,756,2011,1,31.99,10,44,100
167414,756,2011,1,58.84,10,44,210
125470,756,2011,1,9.28,10,44,100
196163,756,2011,1,18.2,10,44,210
110415,756,2011,1,32.8,10,44,999
213417,756,2011,1,43.43,10,44,210
202370,756,2011,1,11.4,10,44,100
182064,756,2011,1,24.04,10,44,210
206272,756,2011,1,12.11,10,44,999
123213,756,2011,1,22.71,10,44,999
41406,756,2011,1,20.02,10,44,100
234892,756,2011,1,17.14,10,44,100
196930,756,2011,1,13.3,10,44,250
32538,756,2011,1,8.69,10,44,192
212543,756,2011,1,4.45,10,44,250
23458,756,2011,1,9.83,10,44,999
171940,756,2011,1,16.46,10,44,210
96315,756,2011,1,6.77,10,44,210
214759,756,2011,1,15.88,10,44,250
220526,756,2011,1,27.9,10,44,210
217654,756,2011,1,23.64,10,44,210
49041,756,2011,1,27.73,10,44,210
217141,756,2011,1,9.24,10,44,210
133664,756,2011,1,15.28,10,44,999
62194,756,2011,1,15.83,10,44,250
171698,756,2011,1,35.11,10,44,210
120358,756,2011,1,13.67,10,44,100
228994,756,2011,1,13.74,10,44,210
198031,756,2011,1,14.4,10,44,100
162925,756,2011,1,19.56,10,44,999
145658,756,2011,1,11.8,10,44,223
193684,756,2011,1,6.58,10,44,192
137421,756,2011,1,7.74,10,44,223
113639,756,2011,1,21.48,10,44,210
145310,756,2011,1,35.1,10,44,210
237807,756,2011,1,15.86,10,44,999
29266,756,2011,1,8.17,10,44,210
99213,756,2011,1,37.33,10,44,210
196216,756,2011,1,32.04,10,44,999
113544,756,2011,1,11.6,10,44,250
212792,756,2011,1,19.0,10,44,192
7782,756,2011,1,48.39,10,44,223
172869,756,2011,1,34.16,10,44,250
30508,756,2011,1,14.89,10,44,999
188514,756,2011,1,7.21,10,44,100
71954,756,2011,1,57.09,10,44,210
25342,756,2011,1,14.67,10,44,250
159775,756,2011,1,31.55,10,44,223
163540,756,2011,1,4.59,10,44,100
167306,756,2011,1,19.4,10,44,250
187338,756,2011,1,27.1,10,44,210
165887,756,2011,1,14.33,10,44,192
55017,756,2011,1,20.18,10,44,999
163799,756,2011,1,4.36,10,44,210
183483,756,2011,1,8.83,10,44,192
56143,756,2011,1,32.48,10,44,999
19905,756,2011,1,38.5,10,44,210
192552,756,2011,1,14.64,10,44,192
149017,756,2011,1,7.72,10,44,210
235570,756,2011,1,13.68,10,44,192
217965,756,2011,1,20.24,10,44,223
67001,756,2011,1,27.71,10,44,100
139782,756,2011,1,17.06,10,44,223
45346,756,2011,1,17.04,10,44,210
105657,756,2011,1,10.39,10,44,100
206950,756,2011,1,18.83,10,44,999
210004,756,2011,1,42.6,10,44,192
2883,756,2011,1,44.4,10,44,210
138846,756,2011,1,7.39,10,44,999
126362,756,2011,1,6.29,10,44,210
32153,756,2011,1,5.49,10,44,100
124136,756,2011,1,42.16,10,44,210
179206,756,2011,1,31.6,10,44,100
161901,756,2011,1,15.01,10,44,250
173562,756,2011,1,12.92,10,44,223
176330,756,2011,1,35.06,10,44,192
62031,756,2011,1,17.59,10,44,100
116286,756,2011,1,10.43,10,44,250
13528,756,2011,1,7.9,10,44,210
123026,756,2011,1,46.64,10,44,210
39048,756,2011,1,30.48,10,44,192
126805,756,2011,1,26.73,10,44,250
180778,756,2011,1,17.98,10,44,192
81004,756,2011,1,9.06,10,44,100
220860,756,2011,1,46.17,10,44,210
50110,756,2011,1,15.93,10,44,999
133155,756,2011,1,46.91,10,44,210
151717,756,2011,1,44.32,10,44,210
138543,756,2011,1,16.07,10,44,223
137127,756,2011,1,8.5,10,44,210
76346,756,2011,1,9.28,10,44,192
197938,756,2011,1,21.91,10,44,223
76568,756,2011,1,23.54,10,44,192
80197,756,2011,1,18.83,10,44,192
151247,756,2011,1,15.34,10,44,223
80386,756,2011,1,44.18,10,44,100
60225,756,2011,1,44.27,10,44,223
65042,756,2011,1,40.93,10,44,999
84886,756,2011,1,21.25,10,44,210
180865,756,2011,1,5.91,10,44,250
141320,756,2011,1,12.48,10,44,210
130447,756,2011,1,42.99,10,44,210
187977,756,2011,1,19.83,10,44,100
101409,756,2011,1,46.89,10,44,210
40924,756,2011,1,9.33,10,44,192
89707,756,2011,1,25.58,10,44,210
52677,756,2011,1,52.94,10,44,210
181978,756,2011,1,22.51,10,44,210
41006,756,2011,1,12.01,10,44,223
101433,756,2011,1,7.45,10,44,223
186430,756,2011,1,10.16,10,44,250
211973,756,2011,1,9.13,10,44,192
124151,756,2011,1,32.05,10,44,210
48698,756,2011,1,36.27,10,44,210
4494,756,2011,1,35.15,10,44,100
160457,756,2011,1,18.64,10,44,210
213281,756,2011,1,10.07,10,44,100
56098,756,2011,1,35.34,10,44,192
147969,756,2011,1,4.65,10,44,100
78618,756,2011,1,8.08,10,44,192
234236,756,2011,1,25.24,10,44,223
110175,756,2011,1,24.61,10,44,192
73845,756,2011,1,15.51,10,44,192
205814,756,2011,1,13.72,10,44,250
113402,756,2011,1,15.96,10,44,223
61788,756,2011,1,25.91,10,44,210
30545,756,2011,1,9.6,10,44,100
121320,756,2011,1,29.8,10,44,250
180490,756,2011,1,43.29,10,44,210
33276,756,2011,1,12.16,10,44,223
14327,756,2011,1,14.11,10,44,250
144784,756,2011,1,4.08,10,44,100
77420,756,2011,1,34.69,10,44,192
34055,756,2011,1,43.47,10,44,100
75879,756,2011,1,11.52,10,44,223
141827,756,2011,1,9.56,10,44,250
189161,756,2011,1,42.16,10,44,100
139367,756,2011,1,6.55,10,44,192
234452,756,2011,1,26.61,10,44,210
9792,756,2011,1,24.25,10,44,192
224725,756,2011,1,9.01,10,44,192
47166,756,2011,1,26.26,10,44,210
112555,756,2011,1,10.03,10,44,210
183775,756,2011,1,9.86,10,44,223
142499,756,2011,1,8.56,10,44,192
129826,756,2011,1,26.03,10,44,100
97827,756,2011,1,17.81,10,44,192
199778,756,2011,1,20.37,10,44,210
134723,756,2011,1,33.27,10,44,210
116348,756,2011,1,16.76,10,44,223
191285,756,2011,1,36.97,10,44,999
237783,756,2011,1,10.39,10,44,192
37237,756,2011,1,32.83,10,44,192
82445,756,2011,1,21.19,10,44,192
85915,756,2011,1,4.64,10,44,999
96,756,2011,1,20.72,10,44,192
157513,756,2011,1,14.52,10,44,223
54473,756,2011,1,8.8,10,44,100
132629,756,2011,1,55.5,10,44,250
189351,756,2011,1,40.89,10,44,210
65292,756,2011,1,8.96,10,44,100
124727,756,2011,1,32.16,10,44,250
213165,756,2011,1,14.3,10,44,100
131218,756,2011,1,37.68,10,44,192
167292,756,2011,1,38.07,10,44,210
225258,756,2011,1,26.67,10,44,210
134793,756,2011,1,14.66,10,44,223
70011,756,2011,1,7.7,10,44,250
84581,756,2011,1,25.09,10,44,100
195678,756,2011,1,25.87,10,44,210
157317,756,2011,1,36.66,10,44,999
6184,756,2011,1,19.41,10,44,210
106042,756,2011,1,14.6,10,44,210
119021,756,2011,1,32.62,10,44,100
47729,756,2011,1,19.23,10,44,210
220494,756,2011,1,4.38,10,44,223
150626,756,2011,1,15.51,10,44,999
221974,756,2011,1,32.31,10,44,192
172377,756,2011,1,19.27,10,44,223
221288,756,2011,1,21.77,10,44,210
75707,756,2011,1,4.33,10,44,250
139233,756,2011,1,6.59,10,44,100
83001,756,2011,1,33.65,10,44,192
154503,756,2011,1,41.81,10,44,210
34595,756,2011,1,59.28,10,44,210
18644,756,2011,1,46.6,10,44,210
49657,756,2011,1,23.82,10,44,999
43004,756,2011,1,27.75,10,44,210
185776,756,2011,1,16.03,10,44,192
77553,756,2011,1,4.74,10,44,999
149262,756,2011,1,15.74,10,44,100
177330,756,2011,1,4.16,10,44,250
231060,756,2011,1,10.03,10,44,250
178587,756,2011,1,4.88,10,44,250
9236,756,2011,1,9.75,10,44,210
177988,756,2011,1,32.54,10,44,999
156069,756,2011,1,18.42,10,44,192
180369,756,2011,1,23.76,10,44,100
151797,756,2011,1,38.62,10,44,223
136289,756,2011,1,9.27,10,44,250
57749,756,2011,1,18.83,10,44,210
71491,756,2011,1,4.58,10,44,100
150084,756,2011,1,4.35,10,44,250
86314,756,2011,1,8.51,10,44,100
206030,756,2011,1,35.91,10,44,100
237901,756,2011,1,9.58,10,44,192
235486,756,2011,1,6.08,10,44,192
3118,756,2011,1,9.53,10,44,210
81171,756,2011,1,4.83,10,44,250
87357,756,2011,1,21.54,10,44,192
172998,756,2011,1,15.5,10,44,250
184099,756,2011,1,11.31,10,44,192
127662,756,2011,1,15.44,10,44,210
141273,756,2011,1,10.94,10,44,223
92250,756,2011,1,15.83,10,44,100
133526,756,2011,1,33.26,10,44,192
181709,756,2011,1,4.93,10,44,210
42100,756,2011,1,42.17,10,44,210
49755,756,2011,1,33.47,10,44,210
196199,756,2011,1,14.36,10,44,250
97351,756,2011,1,20.36,10,44,210
143496,756,2011,1,6.69,10,44,100
99928,756,2011,1,19.57,10,44,192
181711,756,2011,1,15.84,10,44,210
120301,756,2011,1,9.77,10,44,192
161744,756,2011,1,38.64,10,44,210
42145,756,2011,1,5.69,10,44,999
59705,756,2011,1,6.27,10,44,999
202169,756,2011,1,4.05,10,44,223
147145,756,2011,1,9.42,10,44,100
154405,756,2011,1,21.38,10,44,100
131661,756,2011,1,35.94,10,44,223
203568,756,2011,1,18.79,10,44,210
89931,756,2011,1,23.41,10,44,223
135817,756,2011,1,14.14,10,44,250
113260,756,2011,1,7.64,10,44,250
230395,756,2011,1,19.9,10,44,192
176024,756,2011,1,11.49,10,44,223
50666,756,2011,1,27.91,10,44,250
70856,756,2011,1,12.01,10,44,210
180808,756,2011,1,8.92,10,44,223
153800,756,2011,1,10.6,10,44,192
233554,756,2011,1,13.41,10,44,223
144364,756,2011,1,22.96,10,44,223
67825,756,2011,1,13.27,10,44,223
83285,756,2011,1,7.51,10,44,223
169588,756,2011,1,12.24,10,44,250
80708,756,2011,1,13.46,10,44,100
127283,756,2011,1,14.14,10,44,223
199593,756,2011,1,17.52,10,44,250
51684,756,2011,1,43.28,10,44,210
218639,756,2011,1,3.78,10,44,210
23587,756,2011,1,17.33,10,44,223
104869,756,2011,1,7.07,10,44,223
117682,756,2011,1,23.8,10,44,100
47753,756,2011,1,35.15,10,44,250
43418,756,2011,1,43.5,10,44,210
42195,756,2011,1,12.75,10,44,250
133800,756,2011,1,13.35,10,44,999
148221,756,2011,1,18.03,10,44,100
151229,756,2011,1,19.29,10,44,223
100729,756,2011,1,17.58,10,44,250
168253,756,2011,1,21.62,10,44,100
229817,756,2011,1,50.94,10,44,210
45719,756,2011,1,7.38,10,44,210
96905,756,2011,1,13.09,10,44,100
4170,756,2011,1,21.59,10,44,250
218528,756,2011,1,10.58,10,44,192
63191,756,2011,1,13.74,10,44,250
109648,756,2011,1,14.66,10,44,210
183460,756,2011,1,15.64,10,44,223
202219,756,2011,1,39.22,10,44,210
135591,756,2011,1,15.41,10,44,223
203535,756,2011,1,38.08,10,44,210
66529,756,2011,1,13.06,10,44,100
105883,756,2011,1,8.94,10,44,100
140227,756,2011,1,3.53,10,44,192
60382,756,2011,1,8.47,10,44,192
56773,756,2011,1,10.04,10,44,210
232835,756,2011,1,35.88,10,44,210
237941,756,2011,1,8.42,10,44,192
25333,756,2011,1,15.19,10,44,250
80142,756,2011,1,7.42,10,44,210
86555,756,2011,1,5.02,10,44,210
124547,756,2011,1,13.46,10,44,250
126818,756,2011,1,4.96,10,44,192
76266,756,2011,1,16.69,10,44,210
41118,756,2011,1,24.45,10,44,192
51809,756,2011,1,11.13,10,44,223
137876,756,2011,1,10.63,10,44,192
58306,756,2011,1,20.23,10,44,100
171194,756,2011,1,20.39,10,44,999
133103,756,2011,1,16.94,10,44,192
102522,756,2011,1,14.54,10,44,250
211673,756,2011,1,39.31,10,44,999
166164,756,2011,1,42.67,10,44,210
214551,756,2011,1,4.05,10,44,210
115444,756,2011,1,31.99,10,44,210
232980,756,2011,1,3.85,10,44,210
210682,756,2011,1,15.55,10,44,100
86306,756,2011,1,53.38,10,44,210
189820,756,2011,1,38.18,10,44,100
77951,756,2011,1,12.56,10,44,210
161682,756,2011,1,27.18,10,44,210
66433,756,2011,1,18.62,10,44,100
163674,756,2011,1,9.93,10,44,192
147446,756,2011,1,36.72,10,44,210
92981,756,2011,1,5.17,10,44,250
135368,756,2011,1,12.15,10,44,100
48496,756,2011,1,14.63,10,44,100
33063,756,2011,1,45.36,10,44,192
135127,756,2011,1,14.4,10,44,192
237641,756,2011,1,19.8,10,44,100
201244,756,2011,1,15.67,10,44,250
138573,756,2011,1,17.38,10,44,192
202736,756,2011,1,21.0,10,44,223
85867,756,2011,1,20.62,10,44,250
45403,756,2011,1,14.57,10,44,210
222276,756,2011,1,40.83,10,44,210
77480,756,2011,1,9.01,10,44,100
138908,756,2011,1,40.38,10,44,210
109587,756,2011,1,6.45,10,44,210
153125,756,2011,1,19.83,10,44,223
171490,756,2011,1,9.52,10,44,100
50542,756,2011,1,33.49,10,44,100
174935,756,2011,1,17.14,10,44,223
127508,756,2011,1,23.59,10,44,100
55656,756,2011,1,13.61,10,44,192
133802,756,2011,1,13.77,10,44,210
174660,756,2011,1,35.16,10,44,192
89593,756,2011,1,19.42,10,44,223
89998,756,2011,1,4.76,10,44,999
179057,756,2011,1,4.26,10,44,100
133647,756,2011,1,38.57,10,44,100
44928,756,2011,1,40.68,10,44,210
118187,756,2011,1,37.69,10,44,100
215083,756,2011,1,15.43,10,44,100
164090,756,2011,1,41.43,10,44,210
134746,756,2011,1,7.68,10,44,100
54091,756,2011,1,7.83,10,44,210
106159,756,2011,1,35.18,10,44,210
155403,756,2011,1,22.6,10,44,250
36812,756,2011,1,16.53,10,44,100
181652,756,2011,1,14.94,10,44,100
81182,756,2011,1,10.22,10,44,192
168124,756,2011,1,15.24,10,44,250
64585,756,2011,1,17.92,10,44,100
192746,756,2011,1,15.55,10,44,250
32225,756,2011,1,17.01,10,44,210
147955,756,2011,1,9.41,10,44,250
86631,756,2011,1,15.46,10,44,223
125393,756,2011,1,36.33,10,44,210
223413,756,2011,1,8.49,10,44,100
132455,756,2011,1,32.58,10,44,210
118973,756,2011,1,18.21,10,44,210
196050,756,2011,1,35.63,10,44,210
233819,756,2011,1,17.05,10,44,210
187572,756,2011,1,22.5,10,44,223
148178,756,2011,1,8.93,10,44,223
72891,756,2011,1,33.69,10,44,223
41621,756,2011,1,24.83,10,44,999
206725,756,2011,1,15.08,10,44,250
138834,756,2011,1,13.36,10,44,250
140688,756,2011,1,32.54,10,44,100
135959,756,2011,1,12.05,10,44,250
201302,756,2011,1,10.44,10,44,100
19919,756,2011,1,19.47,10,44,250
61186,756,2011,1,34.04,10,44,210
122484,756,2011,1,16.29,10,44,210
182823,756,2011,1,13.62,10,44,192
101345,756,2011,1,9.64,10,44,250
226048,756,2011,1,9.45,10,44,250
183878,756,2011,1,33.42,10,44,250
92302,756,2011,1,12.24,10,44,192
206242,756,2011,1,24.83,10,44,100
159841,756,2011,1,22.56,10,44,100
145354,756,2011,1,36.47,10,44,999
53189,756,2011,1,12.81,10,44,210
69464,756,2011,1,34.13,10,44,210
150531,756,2011,1,8.01,10,44,210
204315,756,2011,1,24.28,10,44,210
182349,756,2011,1,26.01,10,44,210
191478,756,2011,1,42.16,10,44,999
30127,756,2011,1,6.33,10,44,210
187411,756,2011,1,8.74,10,44,223
93572,756,2011,1,36.56,10,44,100
167993,756,2011,1,19.1,10,44,250
178914,756,2011,1,18.52,10,44,100
76253,756,2011,1,6.86,10,44,223
151260,756,2011,1,10.36,10,44,210
105768,756,2011,1,41.06,10,44,223
139876,756,2011,1,20.78,10,44,210
26858,756,2011,1,24.39,10,44,223
194373,756,2011,1,4.81,10,44,210
234716,756,2011,1,19.23,10,44,100
73389,756,2011,1,18.96,10,44,223
197868,756,2011,1,12.79,10,44,223
97387,756,2011,1,34.05,10,44,210
86044,756,2011,1,13.4,10,44,210
136992,756,2011,1,7.05,10,44,250
217635,756,2011,1,32.72,10,44,999
82637,756,2011,1,9.89,10,44,999
220891,756,2011,1,42.19,10,44,210
83627,756,2011,1,15.87,10,44,210
132961,756,2011,1,26.57,10,44,210
20801,756,2011,1,35.3,10,44,192
220333,756,2011,1,8.43,10,44,999
198988,756,2011,1,20.65,10,44,223
135099,756,2011,1,21.76,10,44,100
156086,756,2011,1,4.68,10,44,192
56900,756,2011,1,8.75,10,44,210
113666,756,2011,1,7.89,10,44,999
148317,756,2011,1,39.17,10,44,100
223862,756,2011,1,15.19,10,44,100
66316,756,2011,1,16.96,10,44,210
148077,756,2011,1,39.55,10,44,100
172070,756,2011,1,20.77,10,44,192
213875,756,2011,1,18.64,10,44,100
148239,756,2011,1,19.19,10,44,100
161079,756,2011,1,14.34,10,44,210
146927,756,2011,1,21.38,10,44,192
233645,756,2011,1,11.33,10,44,250
42920,756,2011,1,45.56,10,44,210
154340,756,2011,1,27.3,10,44,192
198042,756,2011,1,20.2,10,44,223
159638,756,2011,1,22.65,10,44,210
112591,756,2011,1,54.35,10,44,210
134990,756,2011,1,16.82,10,44,250
190747,756,2011,1,3.71,10,44,192
231857,756,2011,1,18.75,10,44,223
203477,756,2011,1,30.12,10,44,210
193533,756,2011,1,19.59,10,44,223
94888,756,2011,1,6.9,10,44,210
69473,756,2011,1,28.17,10,44,210
114133,756,2011,1,12.35,10,44,100
190602,756,2011,1,13.32,10,44,100
41347,756,2011,1,14.83,10,44,999
48004,756,2011,1,20.98,10,44,210
235705,756,2011,1,20.8,10,44,100
127710,756,2011,1,35.78,10,44,100
86973,756,2011,1,18.73,10,44,999
30087,756,2011,1,38.52,10,44,210
237768,756,2011,1,10.58,10,44,100
185410,756,2011,1,17.69,10,44,999
163553,756,2011,1,9.27,10,44,999
58429,756,2011,1,30.46,10,44,210
221787,756,2011,1,34.64,10,44,210
137963,756,2011,1,36.65,10,44,192
203636,756,2011,1,13.91,10,44,100
95900,756,2011,1,53.33,10,44,210
91981,756,2011,1,5.19,10,44,192
221894,756,2011,1,22.85,10,44,210
132194,756,2011,1,39.78,10,44,100
85420,756,2011,1,6.82,10,44,100
56808,756,2011,1,9.6,10,44,210
208693,756,2011,1,37.48,10,44,210
210574,756,2011,1,22.02,10,44,192
161972,756,2011,1,4.21,10,44,250
228884,756,2011,1,3.94,10,44,100
61737,756,2011,1,33.6,10,44,100
91587,756,2011,1,3.48,10,44,210
189887,756,2011,1,51.79,10,44,210
69422,756,2011,1,12.79,10,44,100
113486,756,2011,1,13.88,10,44,192
231621,756,2011,1,24.35,10,44,192
96883,756,2011,1,24.35,10,44,210
154123,756,2011,1,10.83,10,44,210
82047,756,2011,1,18.1,10,44,999
131676,756,2011,1,8.89,10,44,210
108817,756,2011,1,30.5,10,44,100
207099,756,2011,1,12.36,10,44,250
37751,756,2011,1,17.25,10,44,192
85661,756,2011,1,20.73,10,44,192
188329,756,2011,1,13.44,10,44,210
26972,756,2011,1,34.88,10,44,100
127691,756,2011,1,38.76,10,44,210
230035,756,2011,1,21.12,10,44,210
81887,756,2011,1,36.93,10,44,999
179464,756,2011,1,10.38,10,44,250
24283,756,2011,1,28.47,10,44,210
41162,756,2011,1,24.46,10,44,100
162755,756,2011,1,16.38,10,44,210
83765,756,2011,1,35.82,10,44,192
158771,756,2011,1,17.91,10,44,223
142347,756,2011,1,7.82,10,44,100
22053,756,2011,1,36.86,10,44,999
129161,756,2011,1,34.37,10,44,192
117154,756,2011,1,4.51,10,44,192
167647,756,2011,1,27.78,10,44,210
75005,756,2011,1,29.69,10,44,210
144496,756,2011,1,29.55,10,44,210
219306,756,2011,1,12.36,10,44,100
220210,756,2011,1,12.55,10,44,192
142570,756,2011,1,35.52,10,44,250
50252,756,2011,1,16.92,10,44,100
168946,756,2011,1,35.53,10,44,210
98653,756,2011,1,39.98,10,44,210
28035,756,2011,1,51.89,10,44,210
54696,756,2011,1,7.56,10,44,100
145099,756,2011,1,32.63,10,44,192
60746,756,2011,1,16.01,10,44,100
180823,756,2011,1,33.93,10,44,223
122766,756,2011,1,34.07,10,44,192
134021,756,2011,1,7.04,10,44,100
63346,756,2011,1,19.15,10,44,210
195183,756,2011,1,14.37,10,44,192
85544,756,2011,1,10.17,10,44,210
229483,756,2011,1,8.32,10,44,250
167910,756,2011,1,21.06,10,44,192
81493,756,2011,1,8.62,10,44,100
154153,756,2011,1,13.04,10,44,192
58363,756,2011,1,10.03,10,44,223
115719,756,2011,1,18.76,10,44,250
230029,756,2011,1,21.92,10,44,210
231478,756,2011,1,7.5,10,44,192
104249,756,2011,1,33.92,10,44,100
83610,756,2011,1,5.92,10,44,250
149735,756,2011,1,11.55,10,44,210
160593,756,2011,1,9.07,10,44,210
69584,756,2011,1,25.03,10,44,223
106008,756,2011,1,23.5,10,44,999
227826,756,2011,1,35.45,10,44,210
116834,756,2011,1,36.91,10,44,192
123598,756,2011,1,35.45,10,44,192
215247,756,2011,1,18.9,10,44,210
169388,756,2011,1,34.65,10,44,192
7584,756,2011,1,17.82,10,44,250
167323,756,2011,1,4.28,10,44,100
95890,756,2011,1,5.51,10,44,210
163029,756,2011,1,5.39,10,44,223
105287,756,2011,1,18.38,10,44,192
123864,756,2011,1,34.98,10,44,100
88433,756,2011,1,11.34,10,44,100
66541,756,2011,1,23.0,10,44,210
152825,756,2011,1,12.15,10,44,250
70257,756,2011,1,37.24,10,44,210
16373,756,2011,1,34.69,10,44,100
16222,756,2011,1,14.36,10,44,223
88973,756,2011,1,40.99,10,44,210
97225,756,2011,1,28.34,10,44,100
232699,756,2011,1,28.96,10,44,210
180370,756,2011,1,10.02,10,44,250
134132,756,2011,1,9.13,10,44,223
232276,756,2011,1,10.46,10,44,192
140406,756,2011,1,32.48,10,44,192
57041,756,2011,1,12.59,10,44,192
100236,756,2011,1,18.25,10,44,999
205118,756,2011,1,11.29,10,44,192
11138,756,2011,1,14.22,10,44,223
99389,756,2011,1,37.37,10,44,210
32673,756,2011,1,25.84,10,44,250
151956,756,2011,1,5.94,10,44,192
67861,756,2011,1,36.56,10,44,210
225699,756,2011,1,5.78,10,44,250
234520,756,2011,1,13.62,10,44,100
232732,756,2011,1,20.14,10,44,999
101618,756,2011,1,23.84,10,44,100
237175,756,2011,1,23.56,10,44,100
52069,756,2011,1,9.59,10,44,210
226948,756,2011,1,40.3,10,44,999
84700,756,2011,1,6.29,10,44,100
220346,756,2011,1,20.85,10,44,100
198785,756,2011,1,10.56,10,44,100
77516,756,2011,1,7.45,10,44,100
137759,756,2011,1,12.48,10,44,250
85472,756,2011,1,14.41,10,44,100
44090,756,2011,1,33.69,10,44,210
106338,756,2011,1,11.4,10,44,223
81765,756,2011,1,18.3,10,44,999
119308,756,2011,1,6.34,10,44,210
23966,756,2011,1,15.45,10,44,999
139993,756,2011,1,30.97,10,44,210
181632,756,2011,1,9.14,10,44,223
232815,756,2011,1,49.8,10,44,210
201665,756,2011,1,18.63,10,44,192
78001,756,2011,1,23.58,10,44,210
52645,756,2011,1,13.29,10,44,192
171486,756,2011,1,22.81,10,44,100
58706,756,2011,1,4.73,10,44,100
